Kecamatan,Nama Toko,Alamat,Rating
"Cempaka Putih, Jakarta Pusat",Toko Bangunan Fajar,"Jl. Cempaka Putih Barat II No.28A, Cemp. Putih Bar., Kec. Cemp. Putih, Kota Jakarta Pusat, Daerah Khusus Ibukota Jakarta 10520, Indonesia",4.5
"Cempaka Putih, Jakarta Pusat",Toko Material PD MAKMUR PERCETAKAN NEGARA,"Jl. Percetakan Negara No.1A, RT.1/RW.5, Rawasari, Kec. Cemp. Putih, Kota Jakarta Pusat, Daerah Khusus Ibukota Jakarta 10570, Indonesia",4.5
"Cempaka Putih, Jakarta Pusat",Tb. Alam Mulia,"Jl. Cemp. Putih Barat, RT.1/RW.4, Cemp. Putih Bar., Kec. Cemp. Putih, Kota Jakarta Pusat, Daerah Khusus Ibukota Jakarta 10520, Indonesia",3.5
"Cempaka Putih, Jakarta Pusat",BJ HOME PERCETAKAN NEGARA,"Jl. Percetakan Negara No.32, RT.1/RW.7, Cemp. Putih Bar., Jakarta, Kota Jakarta Pusat, Daerah Khusus Ibukota Jakarta 10520, Indonesia",4.3
"Cempaka Putih, Jakarta Pusat",Toko Besi Cahaya,"Jl. Pangkalan Asem, RT.7/RW.1, Cemp. Putih Bar., Kec. Cemp. Putih, Kota Jakarta Pusat, Daerah Khusus Ibukota Jakarta 10520, Indonesia",4.4
"Cempaka Putih, Jakarta Pusat",Toko Bangunan SAHABAT,"Jl. Rawasari Sel. No.282 6, RT.6/RW.1, Cemp. Putih Tim., Kec. Cemp. Putih, Kota Jakarta Pusat, Daerah Khusus Ibukota Jakarta 10510, Indonesia",4.8
"Cempaka Putih, Jakarta Pusat",TB. Harapan Baru,"Jl. Rawasari Timur No.17, RT.10/RW.1, Cemp. Putih Tim., Kec. Cemp. Putih, Kota Jakarta Pusat, Daerah Khusus Ibukota Jakarta 10570, Indonesia",4.3
"Cempaka Putih, Jakarta Pusat",TB. JAYA KENCANA,"Jl. Pangkalan Asem No.1, RT.1/RW.9, Cemp. Putih Bar., Kec. Cemp. Putih, Kota Jakarta Pusat, Daerah Khusus Ibukota Jakarta 10520, Indonesia",4.3
"Gambir, Jakarta Pusat",Tb. Putra Jaya,"Jl. Alaydrus No.14 A, RT.17/RW.3, Petojo Utara, Kecamatan Gambir, Kota Jakarta Pusat, Daerah Khusus Ibukota Jakarta 10130, Indonesia",4.5
"Gambir, Jakarta Pusat",Toko Bangunan Lucky Jaya,"Jl. Petojo Bar. VI No.7 8, RT.7/RW.1, Duri Pulo, Kecamatan Gambir, Kota Jakarta Pusat, Daerah Khusus Ibukota Jakarta 10140, Indonesia",4.0
"Gambir, Jakarta Pusat",Toko Bangunan Kanaan,"Jl. A.M Sangaji No.12, RT.9/RW.3, Petojo Utara, Kecamatan Gambir, Kota Jakarta Pusat, Daerah Khusus Ibukota Jakarta 10130, Indonesia",4.6
"Gambir, Jakarta Pusat",Tb. Jati Murni,"Gn. Kelud Ud., Jl. Cideng Barat No.Raya 90, RT.3/RW.1, Cideng, Kecamatan Gambir, Kota Jakarta Pusat, Daerah Khusus Ibukota Jakarta 10150, Indonesia",4.4
"Gambir, Jakarta Pusat",Toko Bangunan Murah,"Jl. Petojo Viy I No.6 2, RT.2/RW.6, Cideng, Kecamatan Gambir, Jakarta, Daerah Khusus Ibukota Jakarta 10150, Indonesia",3.9
"Gambir, Jakarta Pusat",Tb Bambang Jaya Material,"Jl. Pecenongan No.49, RT.2/RW.4, Kb. Klp., Kecamatan Gambir, Kota Jakarta Pusat, Daerah Khusus Ibukota Jakarta 10120, Indonesia",4.0
"Gambir, Jakarta Pusat",Toko bahan bangunan,"2, Jl. Cideng Timur No.67B, RT.2/RW.5, Petojo Sel., Kecamatan Gambir, Kota Jakarta Pusat, Daerah Khusus Ibukota Jakarta 10160, Indonesia",4.7
"Gambir, Jakarta Pusat",TB. Kemenangan,"Jl. Suryopranoto No.14A 1, RT.1/RW.8, Petojo Utara, Kecamatan Gambir, Kota Jakarta Pusat, Daerah Khusus Ibukota Jakarta 10130, Indonesia",4.6
"Johar Baru, Jakarta Pusat",Tb. Sukses Jaya,"Jl. Mardani Raya No.83D, RT.1/RW.9, Johar Baru, Kec. Johar Baru, Kota Jakarta Pusat, Daerah Khusus Ibukota Jakarta 10560, Indonesia",4.7
"Johar Baru, Jakarta Pusat",Toko Cat & Bangunan : MAKMUR BANGUNAN Percetakan Negara,"Jl. Percetakan Negara No.66D, Johar Baru, Kec. Johar Baru, Kota Jakarta Pusat, Daerah Khusus Ibukota Jakarta 10560, Indonesia",4.8
"Johar Baru, Jakarta Pusat",Toko Bangunan PD Dan's,"Jl. Percetakan Negara II No.24 11, RT.11/RW.6, Johar Baru, Kec. Johar Baru, Kota Jakarta Pusat, Daerah Khusus Ibukota Jakarta 10560, Indonesia",4.1
"Johar Baru, Jakarta Pusat",Toko Besi Murah - Ritel Grosir Material dan Bahan Bangunan,"Jl. Letjen Suprapto No.12, RT.1/RW.1, Tanah Tinggi, Kec. Johar Baru, Kota Jakarta Pusat, Daerah Khusus Ibukota Jakarta 10540, Indonesia",4.7
"Johar Baru, Jakarta Pusat",Toko Sinar Jaya,"Jl. Pangkalan Asem No.18, RT.8/RW.1, Galur, Kec. Johar Baru, Kota Jakarta Pusat, Daerah Khusus Ibukota Jakarta 10530, Indonesia",4.7
"Johar Baru, Jakarta Pusat",TB Maju Berkah ARS,"6, RT.6/RW.10, Tanah Tinggi, Kec. Johar Baru, Kota Jakarta Pusat, Daerah Khusus Ibukota Jakarta 10540, Indonesia",4.6
"Johar Baru, Jakarta Pusat",tb.rizky jaya.,"jl.kp rawa sawah no 11.jakpus, RT.12/RW.3, Kp. Rw., Kec. Johar Baru, Kota Jakarta Pusat, Daerah Khusus Ibukota Jakarta 10550, Indonesia",4.5
"Johar Baru, Jakarta Pusat",Toko Bangunan Maju,"Jl. Mardani Raya No.3 14, RT.14/RW.5, Johar Baru, Kec. Johar Baru, Kota Jakarta Pusat, Daerah Khusus Ibukota Jakarta 10560, Indonesia",4.2
"Kemayoran, Jakarta Pusat",Tb. Jaya Abadi Kemayoran,"depan optik bahari, Jl. Bend. Jago No.3, RT.06/RW.3, Serdang, Kec. Kemayoran, Jakarta, Daerah Khusus Ibukota Jakarta 10650, Indonesia",4.4
"Kemayoran, Jakarta Pusat",Toko Material Barang,"MGK Kemayoran Blok B11.1, Lt GF, Gn. Sahari Sel., Kec. Kemayoran, Kota Jakarta Pusat, Daerah Khusus Ibukota Jakarta 10610, Indonesia",4.9
"Kemayoran, Jakarta Pusat",Tb. Cahaya Indah,"Jl. Cemp. Baru VII No.13, RT.2/RW.7, Kemayoran, Kec. Kemayoran, Kota Jakarta Pusat, Daerah Khusus Ibukota Jakarta 10640, Indonesia",4.7
"Kemayoran, Jakarta Pusat",TB. Aneka Bangunan,"Jl. Howitzer Raya No.41 10, RT.10/RW.2, Sumur Batu, Kec. Kemayoran, Kota Jakarta Pusat, Daerah Khusus Ibukota Jakarta 10640, Indonesia",4.3
"Kemayoran, Jakarta Pusat",Toko Bangunan Sinar Rejeki 44,"Jalan Letjend Suprapto No 44 RT 019. RW 007 Kelurahan :, Sumur Batu, Kecamatan : Kemayoran, Kota Jakarta Pusat, Daerah Khusus Ibukota Jakarta 10640, Indonesia",4.2
"Kemayoran, Jakarta Pusat",Toko Bahan Bangunan / Material Gembira,"Jl. Kepu Sel. No.1 14, RT.14/RW.2, Kemayoran, Kec. Kemayoran, Kota Jakarta Pusat, Daerah Khusus Ibukota Jakarta 10620, Indonesia",4.1
"Kemayoran, Jakarta Pusat",TB. Berkah Sumur Batu,"Jl. Serdang Raya No.16 2, RT.2/RW.1, Sumur Batu, Kec. Kemayoran, Kota Jakarta Pusat, Daerah Khusus Ibukota Jakarta 10640, Indonesia",4.8
"Kemayoran, Jakarta Pusat",TB.CAHAYA BARU,"Jl. Sumur Batu Raya No.3, RT.2/RW.5, Cemp. Baru, Kec. Kemayoran, Kota Jakarta Pusat, Daerah Khusus Ibukota Jakarta 10640, Indonesia",4.2
"Menteng, Jakarta Pusat",TB. Sinar Bangunan Menteng,"Jl. K.H. Wahid Hasyim No.72, RT.2/RW.4, Kb. Sirih, Kec. Menteng, Kota Jakarta Pusat, Daerah Khusus Ibukota Jakarta 10340, Indonesia",3.6
"Menteng, Jakarta Pusat",TB. Serba Jaya,"Jl. K.H. Wahid Hasyim No.58 7, RT.7/RW.5, Kb. Sirih, Kec. Menteng, Kota Jakarta Pusat, Daerah Khusus Ibukota Jakarta 10340, Indonesia",4.3
"Menteng, Jakarta Pusat",TB Maimunah,"5, Jl. Menteng Kecil No.11, RT.6/RW.9, Kb. Sirih, Kec. Menteng, Kota Jakarta Pusat, Daerah Khusus Ibukota Jakarta 10340, Indonesia",4.3
"Menteng, Jakarta Pusat",TB PERSADA Tambak,"Jl. Tambak No.19, RT.2/RW.4, Pegangsaan, Kec. Menteng, Kota Jakarta Pusat, Daerah Khusus Ibukota Jakarta 10320, Indonesia",4.6
"Menteng, Jakarta Pusat","TB Fajar, Stasiun Sudirman","Jl. Kudus No.19, RT.10/RW.6, Dukuh Atas, Menteng, Kec. Menteng, Kota Jakarta Pusat, Daerah Khusus Ibukota Jakarta 10310, Indonesia",4.1
"Menteng, Jakarta Pusat",TB. CKC,"Jl. Jaksa No.7 No. 72 A, RT.4/RW.5, Kb. Sirih, Kec. Menteng, Kota Jakarta Pusat, Daerah Khusus Ibukota Jakarta 10340, Indonesia",4.3
"Menteng, Jakarta Pusat",Toko Bangunan Batu Raden,"Jl. K.H. Mas Mansyur, Kb. Kacang, Kecamatan Tanah Abang, Kota Jakarta Pusat, Daerah Khusus Ibukota Jakarta 10240, Indonesia",4.2
"Menteng, Jakarta Pusat",TB. Winar Jaya,"Jl. Kb. Kacang 9 No.51 11, RT.11/RW.4, Kb. Kacang, Kecamatan Tanah Abang, Kota Jakarta Pusat, Daerah Khusus Ibukota Jakarta 10240, Indonesia",4.5
"Sawah Besar, Jakarta Pusat",Toko Bangunan Mulia,"Jalan B raya No.mor 1, RT.13/RW.4, Karang Anyar, Kecamatan Sawah Besar, Kota Jakarta Pusat, Daerah Khusus Ibukota Jakarta 10740, Indonesia",4.8
"Sawah Besar, Jakarta Pusat",Toko SUKA JAYA,"Jl. Lautze No.162a, Kartini, Kecamatan Sawah Besar, Kota Jakarta Pusat, Daerah Khusus Ibukota Jakarta 10750, Indonesia",4.7
"Sawah Besar, Jakarta Pusat",Tb. Putra Jaya,"Jl. Alaydrus No.14 A, RT.17/RW.3, Petojo Utara, Kecamatan Gambir, Kota Jakarta Pusat, Daerah Khusus Ibukota Jakarta 10130, Indonesia",4.5
"Sawah Besar, Jakarta Pusat",Toko Bangunan Batu Raden,"Jl. K.H. Mas Mansyur, Kb. Kacang, Kecamatan Tanah Abang, Kota Jakarta Pusat, Daerah Khusus Ibukota Jakarta 10240, Indonesia",4.2
"Sawah Besar, Jakarta Pusat",Toko Surya Timur,"Jl. Rajawali Selatan I No.79, RT.15/RW.2, Gn. Sahari Utara, Kecamatan Sawah Besar, Kota Jakarta Pusat, Daerah Khusus Ibukota Jakarta 10720, Indonesia",4.6
"Sawah Besar, Jakarta Pusat",PD Makmur Jaya,"Jl. Karang Anyar A No.38A, Kartini, Kecamatan Sawah Besar, Kota Jakarta Pusat, Daerah Khusus Ibukota Jakarta 10750, Indonesia",4.5
"Sawah Besar, Jakarta Pusat",TB. Winar Jaya,"Jl. Kb. Kacang 9 No.51 11, RT.11/RW.4, Kb. Kacang, Kecamatan Tanah Abang, Kota Jakarta Pusat, Daerah Khusus Ibukota Jakarta 10240, Indonesia",4.5
"Sawah Besar, Jakarta Pusat",Toko Bangunan Sumber Makmur Sejak 1965,"Sebelum lampu merah. Hook sebelah alfamart, Jl. H. Samanhudi, RT.13/RW.5, Ps. Baru, Kecamatan Sawah Besar, Kota Jakarta Pusat, Daerah Khusus Ibukota Jakarta 10710, Indonesia",5.0
"Senen, Jakarta Pusat",Toko Bangunan MAJU,"Jl. Kramat Sentiong No.36B, RT.8/RW.7, Kramat, Kec. Senen, Kota Jakarta Pusat, Daerah Khusus Ibukota Jakarta 10450, Indonesia",4.4
"Senen, Jakarta Pusat","TB. Timur Jaya, Kwitang","Jl. Kramat Kwitang 1H No.1 3, RT.3/RW.5, Kwitang, Kec. Senen, Kota Jakarta Pusat, Daerah Khusus Ibukota Jakarta 10420, Indonesia",4.7
"Senen, Jakarta Pusat",Toko Bangunan Bahagia,"Jl. Kramat Sentiong No.29 10, RT.10/RW.6, Kramat, Kec. Senen, Kota Jakarta Pusat, Daerah Khusus Ibukota Jakarta 10450, Indonesia",4.8
"Senen, Jakarta Pusat",Tb Bungur Jaya,"Jl. Kalibaru Timur No.82 1, RT.1/RW.2, Bungur, Kec. Senen, Kota Jakarta Pusat, Daerah Khusus Ibukota Jakarta 10460, Indonesia",4.6
"Senen, Jakarta Pusat",Tb. Berkat bangunan,"Jl. Kramat IV No.2, RT.7/RW.9, Kwitang, Kec. Senen, Kota Jakarta Pusat, Daerah Khusus Ibukota Jakarta 10420, Indonesia",5.0
"Senen, Jakarta Pusat",Toko Besi Murah - Ritel Grosir Material dan Bahan Bangunan,"Jl. Letjen Suprapto No.12, RT.1/RW.1, Tanah Tinggi, Kec. Johar Baru, Kota Jakarta Pusat, Daerah Khusus Ibukota Jakarta 10540, Indonesia",4.7
"Senen, Jakarta Pusat",TB. Sinar Bangunan Menteng,"Jl. K.H. Wahid Hasyim No.72, RT.2/RW.4, Kb. Sirih, Kec. Menteng, Kota Jakarta Pusat, Daerah Khusus Ibukota Jakarta 10340, Indonesia",3.6
"Senen, Jakarta Pusat",Toko Setia Kawan Kwitang,"Jl. Listrik 5 No.6, RT.10/RW.6, Kwitang, Kec. Senen, Kota Jakarta Pusat, Daerah Khusus Ibukota Jakarta 10420, Indonesia",4.7
"Tanah Abang, Jakarta Pusat",Toko Bangunan Batu Raden,"Jl. K.H. Mas Mansyur, Kb. Kacang, Kecamatan Tanah Abang, Kota Jakarta Pusat, Daerah Khusus Ibukota Jakarta 10240, Indonesia",4.2
"Tanah Abang, Jakarta Pusat","Toko Bangunan Cahaya Bangun Mandiri - Tn Abang - (Besi, Kayu, Gypsum, Semen dan Bahan Bangunan)","Jl. K.H. Mas Mansyur No.53, Kb. Melati, Kecamatan Tanah Abang, Jakarta, Daerah Khusus Ibukota Jakarta 10230, Indonesia",4.7
"Tanah Abang, Jakarta Pusat",TB. Winar Jaya,"Jl. Kb. Kacang 9 No.51 11, RT.11/RW.4, Kb. Kacang, Kecamatan Tanah Abang, Kota Jakarta Pusat, Daerah Khusus Ibukota Jakarta 10240, Indonesia",4.5
"Tanah Abang, Jakarta Pusat",Tb. Sinar,"Jl. K.S. Tubun No.95 1, RT.1/RW.4, Petamburan, Kecamatan Tanah Abang, Kota Jakarta Pusat, Daerah Khusus Ibukota Jakarta 11410, Indonesia",4.4
"Tanah Abang, Jakarta Pusat",Sinar Terang. UD,"Jl. Petamburan III No.7 4, RT.4/RW.6, Petamburan, Kecamatan Tanah Abang, Kota Jakarta Pusat, Daerah Khusus Ibukota Jakarta 10260, Indonesia",4.5
"Tanah Abang, Jakarta Pusat",Sinar Agung Material,"Jl. Bendungan Hilir No.72A, RT.5/RW.1, Bend. Hilir, Kecamatan Tanah Abang, Kota Jakarta Pusat, Daerah Khusus Ibukota Jakarta 10210, Indonesia",4.5
"Tanah Abang, Jakarta Pusat",Tb. Bagus,"Jl. Kb. Kacang 1 No.54, Kb. Kacang, Kecamatan Tanah Abang, Kota Jakarta Pusat, Daerah Khusus Ibukota Jakarta 10240, Indonesia",4.5
"Tanah Abang, Jakarta Pusat",Toko Bahan Bangunan Dan Alat-Alat Listrik H.Sukrie,"Jl. Kebon Pala 9 No.6, RT.6/RW.16, Kb. Melati, Kecamatan Tanah Abang, Kota Jakarta Pusat, Daerah Khusus Ibukota Jakarta 10230, Indonesia",4.9
"Cilincing, Jakarta Utara",Tb Semper Jaya,"Jl. Tipar Cakung No.5, RT.1/RW.1, Semper Bar., Kec. Cilincing, Jkt Utara, Daerah Khusus Ibukota Jakarta 14130, Indonesia",4.6
"Cilincing, Jakarta Utara",TB. Sinar Karya,"Jl. Kesatriaan Raya No.9, RT.6/RW.8, Cilincing, Kec. Cilincing, Jkt Utara, Daerah Khusus Ibukota Jakarta 14120, Indonesia",4.6
"Cilincing, Jakarta Utara",Toko Sinar Baru,"Jl. Cilincing Baru No.1, RT.6/RW.1, Cilincing, Kec. Cilincing, Jkt Utara, Daerah Khusus Ibukota Jakarta 14130, Indonesia",4.3
"Cilincing, Jakarta Utara",Toko Bangunan Ekhwan,"Jl. Kali Baru Barat IIA No.1, RT.1/RW.8, Kali Baru, Kec. Cilincing, Jkt Utara, Daerah Khusus Ibukota Jakarta 14110, Indonesia",4.6
"Cilincing, Jakarta Utara",TB. Rajawali Cilincing,"Jl. Raya Cilincing, RT.1/RW.9, Cilincing, Kec. Cilincing, Jkt Utara, Daerah Khusus Ibukota Jakarta 14140, Indonesia",0.0
"Cilincing, Jakarta Utara",Toko Bangunan Mutiara Jaya,"Perum Sukapura, Jalan Manunggal Juang 2 Gang Proyek No.63, Cilincing, RT.1/RW.5, Rorotan, Kec. Cilincing, Jkt Utara, Daerah Khusus Ibukota Jakarta 14140, Indonesia",4.2
"Cilincing, Jakarta Utara",Toko Bangun Indah,"Jl. Cilincing Lama No. 11 RT 003%2F04 Cilincing Cilincing Jakarta Utara DKI Jakarta, RT.3/RW.4, Cilincing, Kec. Cilincing, Jkt Utara, Daerah Khusus Ibukota Jakarta 14120, Indonesia",4.5
"Cilincing, Jakarta Utara",TB. Nusantara,"Jl. Malaka No.99, RT.16/RW.5, Rorotan, Kec. Cilincing, Jkt Utara, Daerah Khusus Ibukota Jakarta 14140, Indonesia",4.5
"Kelapa Gading, Jakarta Utara",TOKO BUDY JAYA (Dulux Nippon Kansai Toa Aquaproof Avian Mowilex Propan Sanlex) Toko Cat Kelapa Gading,"Komplek Kelapa Gading Permai Blok QA, No. 18-19, Jl. Boulevard Raya No.1, RT.1/RW.6, Klp. Gading Bar., Kec. Klp. Gading, Jkt Utara, Daerah Khusus Ibukota Jakarta 14240, Indonesia",4.9
"Kelapa Gading, Jakarta Utara",Toko Bangunan Gading Mulia - Kelapa Gading,"Jl. Bangun Cipta Sarana No.7, Kelapa Gading, Jakarta Utara 14250, RT.4/RW.5, Pegangsaan Dua, Kec. Klp. Gading, Kelapa Gading, Daerah Khusus Ibukota Jakarta 14250, Indonesia",4.9
"Kelapa Gading, Jakarta Utara",TB SIN SIN,"Jl. Raya Klp. Gading Permai, Klp. Gading Tim., Jakarta, Jkt Utara, Daerah Khusus Ibukota Jakarta 14240, Indonesia",4.3
"Kelapa Gading, Jakarta Utara",TB. Borobudur,"JL. Gading Kirana, Blok A 13/23, Kelapa Gading, Jakarta, RT.18/RW.8, West Kelapa Gading, Kelapa Gading, North Jakarta City, Jakarta 14240, Indonesia",4.4
"Kelapa Gading, Jakarta Utara",Toko Cat Gading Sakti,"Jl. Boulevard Raya QA-3 No. 7-8, RT.1/RW.6, Klp. Gading Bar., Kec. Klp. Gading, Jkt Utara, Daerah Khusus Ibukota Jakarta 14240, Indonesia",4.5
"Kelapa Gading, Jakarta Utara",TB Prima,"Jalan Terusan Boulevard Timur Raya Nomor 1 Pegangsaan Dua Kelapa Gading, RT.5/RW.2, Pegangsaan Dua, Kec. Klp. Gading, Jkt Utara, Daerah Khusus Ibukota Jakarta 14250, Indonesia",4.5
"Kelapa Gading, Jakarta Utara",Toko keramik Aneka Sarana Graha - Sanitary Kelapa Gading Jakarta,"Jalan Raya Kelapa Gading Permai blok DD3, Jl. Kelapa Sawit Raya Blok Dd No.3, RT.5/RW.17, Klp. Gading Tim., Kec. Klp. Gading, Jkt Utara, Daerah Khusus Ibukota Jakarta 14240, Indonesia",4.6
"Kelapa Gading, Jakarta Utara",Sempurna Baru,"Jl. Raya Gading Kirana No.8 Blok O, RT.18/RW.8, Klp. Gading Bar., Kec. Klp. Gading, Jkt Utara, Daerah Khusus Ibukota Jakarta 14240, Indonesia",4.5
"Koja, Jakarta Utara",Toko Bangunan TB. Bambang Putra,"Jl. Plumpang Semper No.12, RT.1/RW.4, Rawabadak Sel., Kec. Koja, Jkt Utara, Daerah Khusus Ibukota Jakarta 14230, Indonesia",4.5
"Koja, Jakarta Utara",TB. Fajar Makmur,"Jl. Perjuangan No.30, RT.2/RW.007, Tugu Sel., Kec. Koja, Jkt Utara, Daerah Khusus Ibukota Jakarta 14260, Indonesia",4.5
"Koja, Jakarta Utara",Toko Bangunan Bintang Makmur,"Ps. Walang Baru, Jl. Alur Laut Sebelah No.1, Rawabadak Sel., Kec. Koja, Jkt Utara, Daerah Khusus Ibukota Jakarta 14230, Indonesia",4.8
"Koja, Jakarta Utara",TB. Kartika Makmur,"Jl. Alur Laut No.3 1, RT.1/RW.6, Rawabadak Sel., Kec. Koja, Jkt Utara, Daerah Khusus Ibukota Jakarta 14230, Indonesia",4.5
"Koja, Jakarta Utara",TB. Permai,"Jl. Plumpang Semper No.4B, RT.2/RW.2, Tugu Sel., Kec. Koja, Jkt Utara, Daerah Khusus Ibukota Jakarta 14260, Indonesia",4.6
"Koja, Jakarta Utara",TB. Trisno (TOKO BANGUNAN TRISNO),"Jl. Lagoa B A No.1C, RT.2/RW.2, Lagoa, Kec. Koja, Jkt Utara, Daerah Khusus Ibukota Jakarta 14270, Indonesia",4.5
"Koja, Jakarta Utara",Tb. Seri Jaya Bangunan,"Blok K no. 67, Jl. Mundu, Lagoa, Kec. Koja, Jkt Utara, Daerah Khusus Ibukota Jakarta 14270, Indonesia",5.0
"Koja, Jakarta Utara",Tb Sinar Terang,"Jl. Menteng Terusan No.4 4, RT.4/RW.8, Lagoa, Kec. Koja, Jkt Utara, Daerah Khusus Ibukota Jakarta 14270, Indonesia",4.3
"Pademangan, Jakarta Utara",TB. Maju Jaya (matrial),"Gg. Hidup Baru No.12A, RT.14/RW.4, Pademangan Bar., Kec. Pademangan, Jkt Utara, Daerah Khusus Ibukota Jakarta 14420, Indonesia",4.5
"Pademangan, Jakarta Utara",TB JAYA BARU,"Jl. Ampera Besar No.17, RT.4/RW.4, Pademangan Bar., Kec. Pademangan, Jkt Utara, Daerah Khusus Ibukota Jakarta 14420, Indonesia",5.0
"Pademangan, Jakarta Utara",Tb. Pelita,"VR7Q+339, Jl. Budi Mulia, RT.5/RW.5, Pademangan Bar., Kec. Pademangan, Jkt Utara, Daerah Khusus Ibukota Jakarta 14420, Indonesia",4.5
"Pademangan, Jakarta Utara",Toko Bangunan Jaya Ancol,"Jl. Pademangan VII No.45-46, RT.5/RW.10, Pademangan Tim., Kec. Pademangan, Jkt Utara, Daerah Khusus Ibukota Jakarta 14410, Indonesia",4.0
"Pademangan, Jakarta Utara",TB Trio Jaya,"No.2, Jl. Pademangan III Gg. 32 No.5, RT.10/RW.10, Pademangan Bar., Kec. Pademangan, Jkt Utara, Daerah Khusus Ibukota Jakarta 14420, Indonesia",4.5
"Pademangan, Jakarta Utara",TB. Karya Mandiri Jaya bambu,"7, Jl. Budi Mulia No.20A, RT.16/RW.7, Pademangan Bar., Kec. Pademangan, Jkt Utara, Daerah Khusus Ibukota Jakarta 14420, Indonesia",4.9
"Pademangan, Jakarta Utara",TB. Trio Makmur,"VR7P+F78, RT.9/RW.8, Kota Tua, Pademangan Bar., Kec. Pademangan, Jkt Utara, Daerah Khusus Ibukota Jakarta 14420, Indonesia",4.8
"Pademangan, Jakarta Utara",Toko Bangunan,"Jl. R No.15 9, RT.9/RW.6, Pademangan Bar., Kec. Pademangan, Jkt Utara, Daerah Khusus Ibukota Jakarta 14420, Indonesia",5.0
"Penjaringan, Jakarta Utara",Toko Sentra Bangunan Pluit,"tlp :, Jl. Pluit Selatan I No.: 51 21, RT.21/RW.6, Pluit, Kecamatan Penjaringan, Jkt Utara, Daerah Khusus Ibukota Jakarta 14450, Indonesia",4.7
"Penjaringan, Jakarta Utara",TB. Sinar Semesta,"Jl. Pluit Karang Bar. No.108, Pluit, Kecamatan Penjaringan, Jkt Utara, Daerah Khusus Ibukota Jakarta 14450, Indonesia",4.9
"Penjaringan, Jakarta Utara",Toko Bangunan Muara Makmur,"7, Jl. Muara Baru No.36-37, RW.17, Penjaringan, Kecamatan Penjaringan, Jkt Utara, Daerah Khusus Ibukota Jakarta 14440, Indonesia",4.6
"Penjaringan, Jakarta Utara",TB. Sinar Kumala,"Jl. Tanah Pasir No.70, RT.2/RW.7, Penjaringan, Kecamatan Penjaringan, Jkt Utara, Daerah Khusus Ibukota Jakarta 14450, Indonesia",4.7
"Penjaringan, Jakarta Utara",Toko Mitra Utama,"Jl. Muara Karang Blok Z-3 Selatan No. 74 Pejagalan Penjaringan Jakarta Utara, RT.23/RW.8, Penjaringan, Kecamatan Penjaringan, Jkt Utara, Daerah Khusus Ibukota Jakarta 14440, Indonesia",4.2
"Penjaringan, Jakarta Utara",TB. Sinar Pacific,"Jl. Tanah Pasir No.8, RT.6/RW.8, Penjaringan, Kecamatan Penjaringan, Jkt Utara, Daerah Khusus Ibukota Jakarta 14440, Indonesia",4.3
"Penjaringan, Jakarta Utara",Toko Bangunan JAYA,"Jl. Gedong Panjang No.53, RT.2/RW.4, Penjaringan, Kecamatan Penjaringan, Jkt Utara, Daerah Khusus Ibukota Jakarta 14440, Indonesia",5.0
"Penjaringan, Jakarta Utara",Super Bangunan,"Jl. Muara Karang Raya No.105, RT.11/RW.17, Pluit, Kecamatan Penjaringan, Jkt Utara, Daerah Khusus Ibukota Jakarta 14450, Indonesia",4.0
"Tanjung Priok, Jakarta Utara",TB. Jaya Sakti,"Jl. Bugis No.35, RT.1/RW.11, Kb. Bawang, Kec. Tj. Priok, Jkt Utara, Daerah Khusus Ibukota Jakarta 14320, Indonesia",4.6
"Tanjung Priok, Jakarta Utara",Toko Bangunan Lancar,"Jl. Muara Bahari No.37B, RT.8/RW.1, Sunter Agung, Kec. Tj. Priok, Jkt Utara, Daerah Khusus Ibukota Jakarta 14350, Indonesia",4.7
"Tanjung Priok, Jakarta Utara",PD. Harapan Maju,"Jl. Tenggiri No.58P, Tj. Priok, Kec. Tj. Priok, Jkt Utara, Daerah Khusus Ibukota Jakarta 14310, Indonesia",4.7
"Tanjung Priok, Jakarta Utara",TB. PELANGI JAYA,"Jl. Warakas Raya No.72, RT.1/RW.8, Warakas, Kec. Tj. Priok, Jkt Utara, Daerah Khusus Ibukota Jakarta 14370, Indonesia",4.4
"Tanjung Priok, Jakarta Utara",Toko New Jaya Bahan Bangunan,"Jl. Sunter Kemayoran No.6, RT.8/RW.9, Sunter Jaya, Kec. Tj. Priok, Jkt Utara, Daerah Khusus Ibukota Jakarta 14360, Indonesia",4.7
"Tanjung Priok, Jakarta Utara",TB.Inti Bangunan,"Jl. Sunter Permai Raya No.12B, RT.5/RW.18, Sunter Agung, Kec. Tj. Priok, Jkt Utara, Daerah Khusus Ibukota Jakarta 14350, Indonesia",4.7
"Tanjung Priok, Jakarta Utara",TB. Sinar Makmur,"Jl. H. Mawar No.78, RT.7/RW.3, Sunter Jaya, Kec. Tj. Priok, Jkt Utara, Daerah Khusus Ibukota Jakarta 14360, Indonesia",4.3
"Tanjung Priok, Jakarta Utara",TB. Sumber Jaya,"Jl.Agung Utara Raya Blok A 36 D No 59, RT.11/RW.9, Sunter Agung, Kec. Tj. Priok, Jkt Utara, Daerah Khusus Ibukota Jakarta 14350, Indonesia",4.7
"Cengkareng, Jakarta Barat",Tb. Cahaya Kencana,"Jl. Kapuk Cengkareng No.88, RT.2/RW.11, Cengkareng Tim., Kecamatan Cengkareng, Kota Jakarta Barat, Daerah Khusus Ibukota Jakarta 11730, Indonesia",4.6
"Cengkareng, Jakarta Barat",TB.Nirmala toko besi dan bangunan,"6, Jl. Nirmala Raya No.2, RT.6/RW.5, Cengkareng Bar., Kecamatan Cengkareng, Kota Jakarta Barat, Daerah Khusus Ibukota Jakarta 11730, Indonesia",4.9
"Cengkareng, Jakarta Barat",TB. Sinar Mulia -TamanPalem,"Ruko Taman Palem Lestari Blok C1 no. 28, Ruko taman Palem Lestari, C1/28, RT.3/RW.13, West Cengkareng, Cengkareng, West Jakarta City, Jakarta 11730, Indonesia",5.0
"Cengkareng, Jakarta Barat",TB. Makmur,"Jl. Waru 1 No.2, RT.13/RW.9, Kapuk, Kecamatan Cengkareng, Kota Jakarta Barat, Daerah Khusus Ibukota Jakarta 11720, Indonesia",4.5
"Cengkareng, Jakarta Barat","Toko MEGA JAYA Bahan Bangunan, Listrik, Cat","City Resort Miami, Blk. D Jl. Kapuk Cengkareng No.11, RT.7/RW.14, Cengkareng Tim., Kecamatan Cengkareng, Kota Jakarta Barat, Daerah Khusus Ibukota Jakarta 11730, Indonesia",4.8
"Cengkareng, Jakarta Barat",TOKO BANGUNAN DUA UTAMA,"Jl. Nirmala Raya No.32, RT.5/RW.5, Cengkareng Bar., Kecamatan Cengkareng, Kota Jakarta Barat, Daerah Khusus Ibukota Jakarta 11730, Indonesia",4.6
"Cengkareng, Jakarta Barat",Tb. Indah Bangunan,"Jl. Rawa Buaya No.14, RT.3/RW.1, Rw. Buaya, Kecamatan Cengkareng, Kota Jakarta Barat, Daerah Khusus Ibukota Jakarta 11740, Indonesia",4.7
"Cengkareng, Jakarta Barat",Toko Bangunan Mitra Kita (kapuk),"13, Jl. Kapuk Kayu Besar No.35 A, RT.13/RW.11, Cengkareng Tim., Kecamatan Cengkareng, Kota Jakarta Barat, Daerah Khusus Ibukota Jakarta 11730, Indonesia",4.8
"Grogol Petamburan, Jakarta Barat",Toko Bangunan Hari Hari Mandala,"Jl. Mandala Utara No.21, RT.17/RW.4, Tomang, Kec. Grogol petamburan, Kota Jakarta Barat, Daerah Khusus Ibukota Jakarta 11440, Indonesia",4.5
"Grogol Petamburan, Jakarta Barat",Toko Bangunan Sinar Mas,"Jl. Tanjung Duren Timur No.28A, RT.4/RW.6, Tj. Duren Sel., Kec. Grogol petamburan, Kota Jakarta Barat, Daerah Khusus Ibukota Jakarta 11470, Indonesia",4.5
"Grogol Petamburan, Jakarta Barat",Sinar Tomang,"Jl. Tanjung Duren Raya No.105, RT.6/RW.5, Tj. Duren Sel., Kec. Grogol petamburan, Kota Jakarta Barat, Daerah Khusus Ibukota Jakarta 11470, Indonesia",4.3
"Grogol Petamburan, Jakarta Barat",Toko Bangunan Mahkota Jaya,"13, Jl. Tomang Tinggi Raya No.43, RT.13/RW.7, Tomang, Kec. Grogol petamburan, Kota Jakarta Barat, Daerah Khusus Ibukota Jakarta 11440, Indonesia",4.6
"Grogol Petamburan, Jakarta Barat",Toko Bahan Bangunan Bintang Grogol,"Jl. Semeru Raya No.15A, RT.10/RW.10, Grogol, Kec. Grogol petamburan, Kota Jakarta Barat, Daerah Khusus Ibukota Jakarta 11450, Indonesia",4.6
"Grogol Petamburan, Jakarta Barat",Toko Bangunan Bahan Rumah,"Jl. Mandala Utara No.11, Tomang, Kec. Grogol petamburan, Kota Jakarta Barat, Daerah Khusus Ibukota Jakarta 11440, Indonesia",5.0
"Grogol Petamburan, Jakarta Barat",TB. Maju Jaya,"Jl. Semeru Raya No.31, Grogol, Kec. Grogol petamburan, Kota Jakarta Barat, Daerah Khusus Ibukota Jakarta 11450, Indonesia",4.8
"Grogol Petamburan, Jakarta Barat",Toko Bangunan Citra Jaya,"RQHM+35X, Jl. Tj. Duren Utara 4, RT.4/RW.3, Tj. Duren Utara, Kec. Grogol petamburan, Kota Jakarta Barat, Daerah Khusus Ibukota Jakarta 11470, Indonesia",4.6
"Kalideres, Jakarta Barat",Mitra10 Daan Mogot Jakarta Barat,"Jl. Tampak Siring No.1 Blok KK, RT.2/RW.12, Kalideres, Kec. Kalideres, Kota Jakarta Barat, Daerah Khusus Ibukota Jakarta 11840, Indonesia",4.3
"Kalideres, Jakarta Barat",TB. Cahaya Abadi,"Jl. Daan Mogot Baru Jl. Jimbaran No.15 Blok La 14, Kalideres, Kota Adm, West Jakarta City, Jakarta 11840, Indonesia",5.0
"Kalideres, Jakarta Barat",Toko Bangunan Pelita Abadi,"Jl. Peta Selatan No. 12 RT 006%2F03 Kalideres Kalideres Jakarta Barat DKI Jakarta, RT.10/RW.14, Kalideres, Kec. Kalideres, Kota Jakarta Barat, Daerah Khusus Ibukota Jakarta 11840, Indonesia",4.8
"Kalideres, Jakarta Barat",Tb. Daan Mogot Jaya,"No.KM.17 No, Jl. Daan Mogot No.88, RT.2/RW.3, Kalideres, Kec. Kalideres, Kota Jakarta Barat, Daerah Khusus Ibukota Jakarta 11840, Indonesia",4.5
"Kalideres, Jakarta Barat",Jaya Makmur Toko,"Jl. Peta Barat No.78 RT 002, RT.02/RW.7, Pegadungan, Kec. Kalideres, Kota Jakarta Barat, Daerah Khusus Ibukota Jakarta 11840, Indonesia",4.4
"Kalideres, Jakarta Barat",Toko Material semanan jaya,"Jl. Semanan Raya No.11, RT.4/RW.6, Semanan, Kec. Kalideres, Kota Jakarta Barat, Daerah Khusus Ibukota Jakarta 11850, Indonesia",4.6
"Kalideres, Jakarta Barat",Citra Bangunan Toko,"Jl. Utan Jati No.15, RT.5/RW.6, Pegadungan, Kec. Kalideres, Kota Jakarta Barat, Daerah Khusus Ibukota Jakarta 11830, Indonesia",4.4
"Kalideres, Jakarta Barat",Toko Bangunan Anugerah,"Jl. Dharma Graha No.35A 2, RT.2/RW.12, Semanan, Kec. Kalideres, Kota Jakarta Barat, Daerah Khusus Ibukota Jakarta 11850, Indonesia",4.0
"Kebon Jeruk, Jakarta Barat",Toko Bangunan Universal - Toko Bahan Bangunan Jakarta Barat,"Jl. Panjang Kp. Baru No.26, Sukabumi Sel., Kec. Kb. Jeruk, Kota Jakarta Barat, Daerah Khusus Ibukota Jakarta 11560, Indonesia",4.8
"Kebon Jeruk, Jakarta Barat",TB Jaya Baru / PT. SIANJAYA BANGUN MANDIRI,"JL. KEBUN JERUK RAYA 25, Jl. Rw. Belong No.14, Sukabumi Utara, Kec. Kb. Jeruk, Kota Jakarta Barat, Daerah Khusus Ibukota Jakarta 11540, Indonesia",4.6
"Kebon Jeruk, Jakarta Barat",Toko SUMBER MAKMUR ABADI,"Blok Langgar, Jl. Kb. Jeruk Baru Blok Langgar No.45, RT.4/RW.4, Kb. Jeruk, Kec. Kb. Jeruk, Kota Jakarta Barat, Daerah Khusus Ibukota Jakarta 11530, Indonesia",4.4
"Kebon Jeruk, Jakarta Barat",Tb. Sumber Bangunan Jaya,"Jl. Kebon Raya No.12b 1, RT.1/RW.1, Duri Kepa, Kec. Kb. Jeruk, Kota Jakarta Barat, Daerah Khusus Ibukota Jakarta 11510, Indonesia",4.5
"Kebon Jeruk, Jakarta Barat",Tb. Laris Jaya,"Jl. Raya Kb. Jeruk No.32 1, RT.1/RW.9, Kb. Jeruk, Kec. Kb. Jeruk, Kota Jakarta Barat, Daerah Khusus Ibukota Jakarta 11530, Indonesia",4.8
"Kebon Jeruk, Jakarta Barat",SINAR KEDOYA TOKO BANGUNAN,"Jl. Kedoya Pesing No.9, Kedoya Sel., Kec. Kb. Jeruk, Kota Jakarta Barat, Daerah Khusus Ibukota Jakarta 11520, Indonesia",4.8
"Kebon Jeruk, Jakarta Barat",Tb. Laris,"Jl. Kebon Raya No.68, RT.1/RW.2, Duri Kepa, Kec. Kb. Jeruk, Kota Jakarta Barat, Daerah Khusus Ibukota Jakarta 11510, Indonesia",4.3
"Kebon Jeruk, Jakarta Barat",Tb. Muda Mudi,"Jl. Panjang Arteri Klp. Dua Raya No.12, RT.6/RW.2, Klp. Dua, Kec. Kb. Jeruk, Kota Jakarta Barat, Daerah Khusus Ibukota Jakarta 11550, Indonesia",4.5
"Kembangan, Jakarta Barat",Supermarket Bangunan Abadi ( Bangunan Abadi ) Meruya,"Jl. Meruya Ilir Raya No.13 3, RT.3/RW.2, Meruya Utara, Kec. Kembangan, Kota Jakarta Barat, Daerah Khusus Ibukota Jakarta 11610, Indonesia",4.5
"Kembangan, Jakarta Barat",Toko Bangunan Sinar Maju Baru,"Jl. Kembangan Utara No.69, RT.3/RW.1, Kembangan Utara, Kec. Kembangan, Kota Jakarta Barat, Daerah Khusus Ibukota Jakarta 11610, Indonesia",4.9
"Kembangan, Jakarta Barat",Toko Sinar Kembangan,"Jl. Kembangan Baru Raya No.8, RT.4/RW.3, Kembangan Utara, Kec. Kembangan, Kota Jakarta Barat, Daerah Khusus Ibukota Jakarta 11610, Indonesia",4.4
"Kembangan, Jakarta Barat",Sinar Terang,"Jl. Puri Kembangan No.68 11, RT.11/RW.5, Kembangan Sel., Kec. Kembangan, Kota Jakarta Barat, Daerah Khusus Ibukota Jakarta 11610, Indonesia",4.6
"Kembangan, Jakarta Barat",Toko Mega Agung,"Jl. Meruya Utara No.48, Meruya Utara, Kec. Kembangan, Kota Jakarta Barat, Daerah Khusus Ibukota Jakarta 11620, Indonesia",4.7
"Kembangan, Jakarta Barat",Tb. Puri Bangunan,"Jl. Puri Kembangan No.100 11, RT.11/RW.5, Kembangan Sel., Kec. Kembangan, Kota Jakarta Barat, Daerah Khusus Ibukota Jakarta 11610, Indonesia",0.0
"Kembangan, Jakarta Barat",Material Building Store,"RQ82+JXJ, Jl. Puri Kembangan Raya, RT.1/RW.8, Kembangan Sel., Kec. Kembangan, Kota Jakarta Barat, Daerah Khusus Ibukota Jakarta 11610, Indonesia",4.5
"Kembangan, Jakarta Barat",RENOTOP MERUYA,"Jl. Meruya Selatan No.19, RT.4/RW.1, Joglo, Kec. Kembangan, Kota Jakarta Barat, Daerah Khusus Ibukota Jakarta 11640, Indonesia",4.7
"Palmerah, Jakarta Barat",TB. Rawa Belong Jaya,"Jl. Palmerah Barat No.54, Palmerah, Kec. Palmerah, Kota Jakarta Barat, Daerah Khusus Ibukota Jakarta 11480, Indonesia",4.6
"Palmerah, Jakarta Barat",TB. Berkah Jaya,"Jl. Tomang Asli No.3 7, RT.7/RW.2, Jatipulo, Kec. Palmerah, Kota Jakarta Barat, Daerah Khusus Ibukota Jakarta 11430, Indonesia",4.5
"Palmerah, Jakarta Barat",Toko Bangunan Wijaya Baru,"Jl. Palmerah Bar. IX No.6 15 9 No 6, RT.15/RW.9, Palmerah, Kec. Palmerah, Kota Jakarta Barat, Daerah Khusus Ibukota Jakarta 11480, Indonesia",4.8
"Palmerah, Jakarta Barat",Tb. Sumber Bangunan,"Jl. Kota Bambu Raya No.42 5, RT.4/RW.4, Kota Bambu Sel., Kec. Palmerah, Kota Jakarta Barat, Daerah Khusus Ibukota Jakarta 11420, Indonesia",4.3
"Palmerah, Jakarta Barat",TB. Sinar Jaya,"Jl. Kamboja No.68-70, RT.3/RW.2, Kota Bambu Sel., Kec. Palmerah, Kota Jakarta Barat, Daerah Khusus Ibukota Jakarta 11420, Indonesia",5.0
"Palmerah, Jakarta Barat",TB.Kawan Setia Jaya,"Jalan Palmerah Barat #62 Rawa Belong Palmerah, Jl. Palmerah Barat No.61, RT.4/RW.3, Grogol Utara, Kec. Kebayoran Lama, Kota Jakarta Selatan, Daerah Khusus Ibukota Jakarta 12210, Indonesia",4.2
"Palmerah, Jakarta Barat",TOKO BANGUNAN DIMAS,"Jl. Inspeksi Kali Grogol, Jl. Palmerah Utara No.19, RT.6/RW.7, Palmerah, Kec. Palmerah, Kota Jakarta Barat, Daerah Khusus Ibukota Jakarta 11480, Indonesia",4.7
"Palmerah, Jakarta Barat",Tb. Kota Bambu Jaya,"4 Jalan Kota Bambu Raya No.05, RT.03 4 5, RT.4/RW.5, Kota Bambu Sel., Kec. Palmerah, Kota Jakarta Barat, Daerah Khusus Ibukota Jakarta 11420, Indonesia",4.6
"Taman Sari, Jakarta Barat",Tb. Putra Agung,"Jl. Taman Sari X No.No.62 D, RT.2/RW.1, Taman Sari, Kec. Taman Sari, Kota Jakarta Barat, Daerah Khusus Ibukota Jakarta 11150, Indonesia",4.8
"Taman Sari, Jakarta Barat",Sumber Makmur Jaya Toko,"Jl. Ketapang Utara I Dalam Jl. Taman Sari Raya No.24 1, RT.1/RW.8, Krukut, Kec. Taman Sari, Kota Jakarta Barat, Daerah Khusus Ibukota Jakarta 11140, Indonesia",4.9
"Taman Sari, Jakarta Barat",Pamulang Sari,"Jl. Pinangsia Raya No.38 6, RT.6/RW.5, Pinangsia, Kec. Taman Sari, Kota Jakarta Barat, Daerah Khusus Ibukota Jakarta 11110, Indonesia",4.4
"Taman Sari, Jakarta Barat",TB. Kencana Sakti,"Jl. Keutamaan Raya No.88, Krukut, Kec. Taman Sari, Kota Jakarta Barat, Daerah Khusus Ibukota Jakarta 11140, Indonesia",4.3
"Taman Sari, Jakarta Barat",Toko Bangunan Daun Mas Jaya,"Jl. Keutamaan Dalam No.mor 4 6, RT.2/RW.3, Krukut, Kec. Taman Sari, Kota Jakarta Barat, Daerah Khusus Ibukota Jakarta 11140, Indonesia",5.0
"Taman Sari, Jakarta Barat",TB. Sumber Rejeki,"Jl. Kebon Jeruk XV No.37 9, RT.10/RW.8, Maphar, Kec. Taman Sari, Kota Jakarta Barat, Daerah Khusus Ibukota Jakarta 11160, Indonesia",4.4
"Taman Sari, Jakarta Barat",Maju Jaya,"1, Jl. Kemurnian IV No.1, RW.4, Glodok, Kec. Taman Sari, Kota Jakarta Barat, Daerah Khusus Ibukota Jakarta 11120, Indonesia",4.0
"Taman Sari, Jakarta Barat",Citra Bangunan,"Jl. Mangga Besar IV No.7B 5, RT.5/RW.1, Taman Sari, Kec. Taman Sari, Kota Jakarta Barat, Daerah Khusus Ibukota Jakarta 11150, Indonesia",5.0
"Tambora, Jakarta Barat",Toko Bangunan Sumber Makmur,"10, Jl. Jembatan Besi Raya No.37, RT.10/RW.1, Jemb. Besi, Kec. Tambora, Kota Jakarta Barat, Daerah Khusus Ibukota Jakarta 11320, Indonesia",4.9
"Tambora, Jakarta Barat",TB. Berkah Jaya,"Jl. Tomang Asli No.3 7, RT.7/RW.2, Jatipulo, Kec. Palmerah, Kota Jakarta Barat, Daerah Khusus Ibukota Jakarta 11430, Indonesia",4.5
"Tambora, Jakarta Barat",Toko Bangunan Mahkota Jaya,"13, Jl. Tomang Tinggi Raya No.43, RT.13/RW.7, Tomang, Kec. Grogol petamburan, Kota Jakarta Barat, Daerah Khusus Ibukota Jakarta 11440, Indonesia",4.6
"Tambora, Jakarta Barat",Toko Bangunan Hari Hari Mandala,"Jl. Mandala Utara No.21, RT.17/RW.4, Tomang, Kec. Grogol petamburan, Kota Jakarta Barat, Daerah Khusus Ibukota Jakarta 11440, Indonesia",4.5
"Tambora, Jakarta Barat",Toko bangunan AA JAYA,"Jl. Duri Utara 1 No.22, RT.009/RW.3, Duri Utara, Kec. Tambora, Kota Jakarta Barat, Daerah Khusus Ibukota Jakarta 11270, Indonesia",5.0
"Tambora, Jakarta Barat",Tb. Kota Bambu Jaya,"4 Jalan Kota Bambu Raya No.05, RT.03 4 5, RT.4/RW.5, Kota Bambu Sel., Kec. Palmerah, Kota Jakarta Barat, Daerah Khusus Ibukota Jakarta 11420, Indonesia",4.6
"Tambora, Jakarta Barat",Tb. Sumber Bangunan,"Jl. Kota Bambu Raya No.42 5, RT.4/RW.4, Kota Bambu Sel., Kec. Palmerah, Kota Jakarta Barat, Daerah Khusus Ibukota Jakarta 11420, Indonesia",4.3
"Tambora, Jakarta Barat",Tb Awet Makmur,"Jl. KH.Moh.Mansyur No.163C, RT.3/RW.2, Duri Utara, Kec. Tambora, Kota Jakarta Barat, Daerah Khusus Ibukota Jakarta 11270, Indonesia",4.7
"Cilandak, Jakarta Selatan",Toko Sinar Bangunan II,"Jl. Cilandak Tengah Raya No.16, RT.7/RW.1, Cilandak Bar., Kec. Cilandak, Kota Jakarta Selatan, Daerah Khusus Ibukota Jakarta 12430, Indonesia",4.5
"Cilandak, Jakarta Selatan",Toko Sahabat Bangunan prima pondok labu,"Jl. RS. Fatmawati Raya, RT.6/RW.10, Pd. Labu, Kec. Cilandak, Kota Jakarta Selatan, Daerah Khusus Ibukota Jakarta 12450, Indonesia",5.0
"Cilandak, Jakarta Selatan",TB. ABADI JAYA,"Jl. Lebak Bulus IV No.38, RT.8/RW.4, Cilandak Bar., Kec. Cilandak, Kota Jakarta Selatan, Daerah Khusus Ibukota Jakarta 12440, Indonesia",4.8
"Cilandak, Jakarta Selatan",Tb. Cahaya Abadi,"Jl. Gaharu I No.46, RT.9/RW.4, Cipete Sel., Kec. Cilandak, Kota Jakarta Selatan, Daerah Khusus Ibukota Jakarta 12410, Indonesia",4.5
"Cilandak, Jakarta Selatan",Sinar Jaya Toko 3,"Jl. Lebak Bulus I, RT.3/RW.4, Cilandak Bar., Kec. Cilandak, Kota Jakarta Selatan, Daerah Khusus Ibukota Jakarta 12440, Indonesia",4.8
"Cilandak, Jakarta Selatan",TB. Setia Baru,"Jl. Terogong Raya No.43, RT.1/RW.6, Cilandak Bar., Kec. Cilandak, Kota Jakarta Selatan, Daerah Khusus Ibukota Jakarta 12430, Indonesia",4.2
"Cilandak, Jakarta Selatan",TB Prima Bangunan,"Jl. Lb. Bulus III No.7, RT.11/RW.4, Lb. Bulus, Kec. Cilandak, Kota Jakarta Selatan, Daerah Khusus Ibukota Jakarta 12440, Indonesia",4.9
"Cilandak, Jakarta Selatan",Karya Jaya,"Jl. Ampera Raya No.4, RT.2/RW.2, Cilandak Tim., Ps. Minggu, Kota Jakarta Selatan, Daerah Khusus Ibukota Jakarta 12560, Indonesia",4.7
"Jagakarsa, Jakarta Selatan",TB Sinar Gemilang,"Jl. Wr. Sila No.27 1, RT.2/RW.5, Ciganjur, Kec. Jagakarsa, Kota Jakarta Selatan, Daerah Khusus Ibukota Jakarta 12630, Indonesia",4.7
"Jagakarsa, Jakarta Selatan",TB. Sinar Bangunan I,"Jl. Moh. Kahfi 1 No.13, RT.3/RW.4, Ciganjur, Kec. Jagakarsa, Kota Jakarta Selatan, Daerah Khusus Ibukota Jakarta 12620, Indonesia",4.7
"Jagakarsa, Jakarta Selatan",Toko Bangunan Sinar Baru,"Jl. Moch. Kahfi II No.7, RT.1/RW.3, Cipedak, Kec. Jagakarsa, Kota Jakarta Selatan, Daerah Khusus Ibukota Jakarta 12630, Indonesia",4.7
"Jagakarsa, Jakarta Selatan",Tb. Sinar Terang,"Jl. Moh. Kahfi 1 No.238, RT.5/RW.1, Ciganjur, Kec. Jagakarsa, Kota Jakarta Selatan, Daerah Khusus Ibukota Jakarta 12630, Indonesia",4.4
"Jagakarsa, Jakarta Selatan",TB Metro Bangunan,"Jl. Sirsak No.31, Jagakarsa, Kec. Jagakarsa, Kota Jakarta Selatan, Daerah Khusus Ibukota Jakarta 12630, Indonesia",4.5
"Jagakarsa, Jakarta Selatan",TB Karya Maju,"Jl. Moch. Kahfi II No.31 5, RT.5/RW.4, Ciganjur, Kec. Jagakarsa, Kota Jakarta Selatan, Daerah Khusus Ibukota Jakarta 12630, Indonesia",4.4
"Jagakarsa, Jakarta Selatan",TB Sederhana,"Jalan M Kahfi II Rt 003 Rw 05, RT.4/RW.5, Cipedak, Kec. Jagakarsa, Kota Jakarta Selatan, Daerah Khusus Ibukota Jakarta 12640, Indonesia",4.6
"Jagakarsa, Jakarta Selatan",Langit ACC Supermarket Bangunan,"Jl. Moch. Kahfi II No.11, RT.4/RW.4, Ciganjur, Kec. Jagakarsa, Kota Jakarta Selatan, Daerah Khusus Ibukota Jakarta 12630, Indonesia",4.6
"Kebayoran Baru, Jakarta Selatan",Toko Bangunan,"Jl. Martimbang Raya No.1, RT.1/RW.5, Gunung, Kec. Kby. Baru, Kota Jakarta Selatan, Daerah Khusus Ibukota Jakarta 12220, Indonesia",4.7
"Kebayoran Baru, Jakarta Selatan",TB. SINAR TIMUR,"Jl. Gandaria 1 No.344 Blok D, Kramat Pela, Kec. Kby. Baru, Kota Jakarta Selatan, Daerah Khusus Ibukota Jakarta 12130, Indonesia",4.6
"Kebayoran Baru, Jakarta Selatan",TB. Sami Jaya,"Santa Modern Market, Jl. Cipaku I, RT.5/RW.4, Petogogan, Kec. Kby. Baru, Kota Jakarta Selatan, Daerah Khusus Ibukota Jakarta 12170, Indonesia",4.7
"Kebayoran Baru, Jakarta Selatan",Toko Bangunan Alam Makmur,"Jl. H. Nawi Raya No.23, Gandaria Utara, Kec. Kby. Baru, Kota Jakarta Selatan, Daerah Khusus Ibukota Jakarta 12140, Indonesia",4.9
"Kebayoran Baru, Jakarta Selatan",Bangunan Baru - Toko Keramik & Sanitary,"Jl. Panglima Polim No.48, Pulo, Kec. Kebayoran Lama, Kota Jakarta Selatan, Daerah Khusus Ibukota Jakarta 12310, Indonesia",4.4
"Kebayoran Baru, Jakarta Selatan",TB SINAR JAYA,"Jl. Jatayu No.1, RT.1/RW.10, Kramat Pela, Kec. Kby. Baru, Kota Jakarta Selatan, Daerah Khusus Ibukota Jakarta 12130, Indonesia",4.8
"Kebayoran Baru, Jakarta Selatan",Toko Bangunan Wijaya Baru,"Jl. Palmerah Bar. IX No.6 15 9 No 6, RT.15/RW.9, Palmerah, Kec. Palmerah, Kota Jakarta Barat, Daerah Khusus Ibukota Jakarta 11480, Indonesia",4.8
"Kebayoran Baru, Jakarta Selatan",TB Pusaka Jaya,"Jl. Gandaria 1 No.13 1, RT.1/RW.8, Kramat Pela, Kec. Kby. Baru, Kota Jakarta Selatan, Daerah Khusus Ibukota Jakarta 12130, Indonesia",4.9
"Kebayoran Lama, Jakarta Selatan",Tb. Rimba Jaya,"Jl. Raya Kby. Lama No.194, RT.1/RW.7, Cipulir, Kec. Kebayoran Lama, Kota Jakarta Selatan, Daerah Khusus Ibukota Jakarta 12230, Indonesia",4.7
"Kebayoran Lama, Jakarta Selatan",Toko Bangunan Cahaya Lestari,"Jl. Delman Utama I No.7, RT.1/RW.11, Kby. Lama Utara, Kec. Kebayoran Lama, Kota Jakarta Selatan, Daerah Khusus Ibukota Jakarta 12240, Indonesia",4.8
"Kebayoran Lama, Jakarta Selatan",TB. Subur,"Jl. Kemandoran I No.72, RT.1/RW.4, Grogol Utara, Kec. Kebayoran Lama, Kota Jakarta Selatan, Daerah Khusus Ibukota Jakarta 12210, Indonesia",4.6
"Kebayoran Lama, Jakarta Selatan",Toko Cahaya Bangunan,"Jl. Raya Kby. Lama No.37, RT.4/RW.10, Grogol Utara, Kec. Kebayoran Lama, Kota Jakarta Selatan, Daerah Khusus Ibukota Jakarta 12220, Indonesia",4.0
"Kebayoran Lama, Jakarta Selatan",Tb. Permata Hijau,"Jl. Limo No.4, RT.3/RW.5, Grogol Sel., Kec. Kebayoran Lama, Kota Jakarta Selatan, Daerah Khusus Ibukota Jakarta 12220, Indonesia",4.5
"Kebayoran Lama, Jakarta Selatan",Toko Bangunan Padma Jaya,"Jl. Panjang Cidodol C No.3 5, RT.5/RW.13, Grogol Sel., Kec. Kebayoran Lama, Kota Jakarta Selatan, Daerah Khusus Ibukota Jakarta 12220, Indonesia",4.4
"Kebayoran Lama, Jakarta Selatan",Tb. Sumber Bangunan,"Jl. Ciputat Raya, RT.2/RW.4, Kby. Lama Utara, Kec. Kebayoran Lama, Kota Jakarta Selatan, Daerah Khusus Ibukota Jakarta 12240, Indonesia",4.3
"Kebayoran Lama, Jakarta Selatan",Toko Bangunan Berdikari,"Jl. Ciputat Raya No.333, RT.2/RW.3, Kby. Lama Utara, Kec. Kebayoran Lama, Kota Jakarta Selatan, Daerah Khusus Ibukota Jakarta 12240, Indonesia",4.6
"Mampang Prapatan, Jakarta Selatan",TB Raja Bangunan,"Jl. Bangka IX C No.92 9, RT.12/RW.5, Pela Mampang, Kec. Mampang Prpt., Kota Jakarta Selatan, Daerah Khusus Ibukota Jakarta 12720, Indonesia",4.5
"Mampang Prapatan, Jakarta Selatan",TB. Alam Makmur Jalan Bangka,"Jl. Bangka VIII No.61, Pela Mampang, Kec. Mampang Prpt., Kota Jakarta Selatan, Daerah Khusus Ibukota Jakarta 12720, Indonesia",4.4
"Mampang Prapatan, Jakarta Selatan",TB Mampang Jaya,"Jl. Tegal Parang Utara No.38 2, RT.4/RW.4, Mampang Prpt., Kec. Mampang Prpt., Kota Jakarta Selatan, Daerah Khusus Ibukota Jakarta 12790, Indonesia",4.5
"Mampang Prapatan, Jakarta Selatan",TOKO MATERIAL ABADI,"Jl. Tegal Parang Sel. No.25, RT.3/RW.5, Tegal Parang, Kec. Mampang Prpt., Kota Jakarta Selatan, Daerah Khusus Ibukota Jakarta 12790, Indonesia",4.9
"Mampang Prapatan, Jakarta Selatan",Hasil Karya Toko,"Jl. Bangka Raya No.16, Pela Mampang, Kec. Mampang Prpt., Kota Jakarta Selatan, Daerah Khusus Ibukota Jakarta 12720, Indonesia",4.3
"Mampang Prapatan, Jakarta Selatan",Toko Terang Jaya,"Jl. Kapten Tendean No.1, RT.1/RW.3, Kuningan Bar., Kec. Mampang Prpt., Kota Jakarta Selatan, Daerah Khusus Ibukota Jakarta 12790, Indonesia",4.0
"Mampang Prapatan, Jakarta Selatan",Toko Jaya Makmur,"Dekat Giant Mampang No. 19 A, Jl. Mampang Prpt. Raya, RT.6/RW.3, Mampang Prpt., Kec. Mampang Prpt., Kota Jakarta Selatan, Daerah Khusus Ibukota Jakarta 12790, Indonesia",4.5
"Mampang Prapatan, Jakarta Selatan",TB. Surya Jaya,"Jl. Tegal Parang Sel. No.6 5, RT.5/RW.1, Tegal Parang, Kec. Mampang Prpt., Kota Jakarta Selatan, Daerah Khusus Ibukota Jakarta 12790, Indonesia",4.6
"Pancoran, Jakarta Selatan",TB. Berkah Bangunan,"Jl. Kalibata Tengah No.2, RT.2/RW.3, Kalibata, Kec. Pancoran, Kota Jakarta Selatan, Daerah Khusus Ibukota Jakarta 12740, Indonesia",0.0
"Pancoran, Jakarta Selatan",TB. Mulya Jaya,"Jl. Pancoran Barat VII No.10 14, RT.14/RW.14, Pancoran, Kec. Pancoran, Kota Jakarta Selatan, Daerah Khusus Ibukota Jakarta 12780, Indonesia",4.8
"Pancoran, Jakarta Selatan",TB. Kapuas Raya,"Jl. Pancoran Barat VII No.1, RT.12/RW.6, Pancoran, Kec. Pancoran, DKI Jakarta, Daerah Khusus Ibukota Jakarta 12780, Indonesia",4.6
"Pancoran, Jakarta Selatan",Toko Bangun Bersama,"Jl. Pengadegan Selatan Raya No.21B, RT.2/RW.5, Pengadegan, Kec. Pancoran, Kota Jakarta Selatan, Daerah Khusus Ibukota Jakarta 12770, Indonesia",4.3
"Pancoran, Jakarta Selatan",Tb. Sinar Pancoran,"Jl. Pengadegan Utara No.35b, RT.3/RW.7, Cikoko, Kec. Pancoran, Kota Jakarta Selatan, Daerah Khusus Ibukota Jakarta 12770, Indonesia",4.9
"Pancoran, Jakarta Selatan",TB Mitra Jaya,"Jl. Duren Tiga Raya No.4, RT.1/RW.3, Pancoran, Kec. Pancoran, Kota Jakarta Selatan, Daerah Khusus Ibukota Jakarta 12520, Indonesia",4.3
"Pancoran, Jakarta Selatan",TB. Murah Jaya,"Jl. Duren Tiga Selatan No.8, RT.13/RW.2, Duren Tiga, Kec. Pancoran, Kota Jakarta Selatan, Daerah Khusus Ibukota Jakarta 12760, Indonesia",4.5
"Pancoran, Jakarta Selatan",TB. Tunas Baru,"5, Jl. Kalibata Tengah No No.7AB 5, RT.5/RW.3, Kalibata, Kec. Pancoran, Kota Jakarta Selatan, Daerah Khusus Ibukota Jakarta 12740, Indonesia",4.6
"Pasar Minggu, Jakarta Selatan",TB. Bangun Jaya,"Jl. Raya Pasar Minggu No.43, Pejaten Timur, Ps. Minggu, Kota Jakarta Selatan, Daerah Khusus Ibukota Jakarta 12510, Indonesia",4.3
"Pasar Minggu, Jakarta Selatan",TB Bangun Jaya,"Jl. H. Amil No.25, Pejaten Bar., Ps. Minggu, Kota Jakarta Selatan, Daerah Khusus Ibukota Jakarta 12520, Indonesia",0.0
"Pasar Minggu, Jakarta Selatan",TB Sinar Jaya Salihara,"Jl. Salihara No.6a, RT.3/RW.1, Jati Padang, Ps. Minggu, Kota Jakarta Selatan, Daerah Khusus Ibukota Jakarta 12540, Indonesia",4.5
"Pasar Minggu, Jakarta Selatan",Central Buana Bangunan,"Jl. Pejaten Raya No.33, RT.8/RW.10, Pejaten Bar., Ps. Minggu, Kota Jakarta Selatan, Daerah Khusus Ibukota Jakarta 12510, Indonesia",4.8
"Pasar Minggu, Jakarta Selatan",Toko Thalia,"Jl. Raya Pasar Minggu No.31, RT.6/RW.1, Ps. Minggu, Kota Jakarta Selatan, Daerah Khusus Ibukota Jakarta 12520, Indonesia",4.6
"Pasar Minggu, Jakarta Selatan",Tb. Surya Jaya,"Jl. Holtikultura Jl. Jati Raya No.47, RT.15/RW.6, Jati Padang, Ps. Minggu, Kota Jakarta Selatan, Daerah Khusus Ibukota Jakarta 12520, Indonesia",4.2
"Pasar Minggu, Jakarta Selatan",Jaya Murni,"Jl. Raya Pasar Minggu No.9A, RT.6/RW.1, Ps. Minggu, Kota Jakarta Selatan, Daerah Khusus Ibukota Jakarta 12520, Indonesia",4.4
"Pasar Minggu, Jakarta Selatan",Toko Bina Usaha,"Jl. Aup No.60 6, RT.6/RW.10, Ps. Minggu, Kota Jakarta Selatan, Daerah Khusus Ibukota Jakarta 12520, Indonesia",4.5
"Pesanggrahan, Jakarta Selatan",TB. Istana Bangunan,"Jl. Garuda No.27, RT.5/RW.6, Pesanggrahan, Kec. Pesanggrahan, Kota Jakarta Selatan, Daerah Khusus Ibukota Jakarta 12320, Indonesia",4.5
"Pesanggrahan, Jakarta Selatan",Toko Cat Dan Bangunan Sumber Rejeki petukangan utara Y.Y.Y,"4, Jl. Palem V No.1B, RT.4/RW.8, Petukangan Utara, Kec. Pesanggrahan, Kota Jakarta Selatan, Daerah Khusus Ibukota Jakarta 12260, Indonesia",4.8
"Pesanggrahan, Jakarta Selatan",Toko Bangunan Permai Lestari,"Jl. Bintaro Permai II No.17, RT.7/RW.9, Bintaro, Kec. Pesanggrahan, Kota Jakarta Selatan, Daerah Khusus Ibukota Jakarta 12330, Indonesia",4.6
"Pesanggrahan, Jakarta Selatan",TB. Sinar Indah,"Jl. RC. Veteran Raya No.1, RT.9/RW.3, Bintaro, Kec. Pesanggrahan, Kota Jakarta Selatan, Daerah Khusus Ibukota Jakarta 12330, Indonesia",4.3
"Pesanggrahan, Jakarta Selatan",TB. Bintaro Jaya,"Jl. Ciledug Raya No.61, RT.1/RW.4, Petukangan Sel., Kec. Pesanggrahan, Kota Jakarta Selatan, Daerah Khusus Ibukota Jakarta 12270, Indonesia",4.5
"Pesanggrahan, Jakarta Selatan",Mitra10 Pesanggrahan,"Jl. Pesanggrahan No.1, Meruya Utara, Kec. Kembangan, Kota Jakarta Barat, Daerah Khusus Ibukota Jakarta 11620, Indonesia",4.4
"Pesanggrahan, Jakarta Selatan",TB.Sumber Jaya,"NO WA O&I54O54249, Jl. Perumahan Pusri No.17, RT.5/RW.6, Petukangan Utara, Jl. Palem Raya, RT.5/RW.6, Petukangan Sel., Kec. Pesanggrahan, Kota Jakarta Selatan, Daerah Khusus Ibukota Jakarta 12260, Indonesia",4.0
"Pesanggrahan, Jakarta Selatan",TB SINAR JAYA PERTUKANGAN,"Jl. H. Muchtar Raya No.80 B 10, RT.10/RW.1, Petukangan Utara, Kec. Pesanggrahan, Kota Jakarta Selatan, Daerah Khusus Ibukota Jakarta 12260, Indonesia",4.6
"Setiabudi, Jakarta Selatan",Toko Alam Makmur,"Jl. Karbela Barat Jl. Karet Belakang Raya No.7, Kuningan, Karet, Kecamatan Setiabudi, Kota Jakarta Selatan, Daerah Khusus Ibukota Jakarta 12920, Indonesia",4.7
"Setiabudi, Jakarta Selatan",TB.Dd Bangunan,"Jl. Anggrek I No.22, RT.10/RW.1, Kuningan, Karet Kuningan, Kecamatan Setiabudi, Kota Jakarta Selatan, Daerah Khusus Ibukota Jakarta 12940, Indonesia",4.7
"Setiabudi, Jakarta Selatan",Toko Bangunan Sederhana,"Jalan. Lantai Jl. Guntur No.2 8, RT.8/RW.1, Ps. Manggis, Kecamatan Setiabudi, Kota Jakarta Selatan, Daerah Khusus Ibukota Jakarta 12970, Indonesia",4.9
"Setiabudi, Jakarta Selatan",TB DD BANGUNAN 3,"Jl. Q No.40, Kuningan, Karet, Kecamatan Setiabudi, Kota Jakarta Selatan, Daerah Khusus Ibukota Jakarta 12920, Indonesia",4.9
"Setiabudi, Jakarta Selatan",TB BERUANG,"Jl. Gembira No.5, RT.1/RW.6, Guntur, Kecamatan Setiabudi, Kota Jakarta Selatan, Daerah Khusus Ibukota Jakarta 12980, Indonesia",4.7
"Setiabudi, Jakarta Selatan",TB. Aneka Jaya Makmur,"Jl. Karet Belakang Raya, RT.10/RW.2, Kuningan, Karet Semanggi, Kecamatan Setiabudi, Kota Jakarta Selatan, Daerah Khusus Ibukota Jakarta 12930, Indonesia",4.3
"Setiabudi, Jakarta Selatan",TB. Sinar Pedurenan,"Jl. Pedurenan Mesjid Raya No.72 9, RT.9/RW.4, Kuningan, Karet Kuningan, Kecamatan Setiabudi, Kota Jakarta Selatan, Daerah Khusus Ibukota Jakarta 12940, Indonesia",3.6
"Setiabudi, Jakarta Selatan",Tb. Roda Mas,"Jl. Muria, RT.9/RW.5, Ps. Manggis, Kecamatan Setiabudi, Kota Jakarta Selatan, Daerah Khusus Ibukota Jakarta 12960, Indonesia",4.6
"Tebet, Jakarta Selatan",Toko Bahan Bangunan Sinar Abadi,"Jl. Asem Baris Raya No.321, RT.4/RW.12, Kb. Baru, Kec. Tebet, Kota Jakarta Selatan, Daerah Khusus Ibukota Jakarta 12830, Indonesia",4.8
"Tebet, Jakarta Selatan",TB Karya Bangun,"Jl. Sawo Kecil 6 No.49, RT.7/RW.7, Bukit Duri, Kec. Tebet, Kota Jakarta Selatan, Daerah Khusus Ibukota Jakarta 12840, Indonesia",4.7
"Tebet, Jakarta Selatan",Jaya Lestari 4,"1, Jl. Balimatraman No.2, RT.1/RW.5, Manggarai Sel., Kec. Tebet, Jakarta, Daerah Khusus Ibukota Jakarta 12870, Indonesia",4.5
"Tebet, Jakarta Selatan",Tb. Tunas Karya Tebet,"Jl. KH Abdullah Syafei No.18 4, RT.1/RW.1, Manggarai Sel., Kec. Tebet, Kota Jakarta Selatan, Daerah Khusus Ibukota Jakarta 12810, Indonesia",4.6
"Tebet, Jakarta Selatan",Tb. Sukabumi,"Jl. Tebet Barat Dalam Raya No.72, RT.17/RW.6, Tebet Bar., Kec. Tebet, Kota Jakarta Selatan, Daerah Khusus Ibukota Jakarta 12810, Indonesia",4.4
"Tebet, Jakarta Selatan",Toko Bangunan Ubin Singa,"Jl. Tebet Barat Raya No.10 5, RT.3/RW.7, Tebet Bar., Kec. Tebet, Kota Jakarta Selatan, Daerah Khusus Ibukota Jakarta 12810, Indonesia",4.1
"Tebet, Jakarta Selatan",TB.Sinar Indah,"Jl. Tebet Timur Raya No.2 9, RT.9/RW.4, Tebet Tim., Kec. Tebet, Kota Jakarta Selatan, Daerah Khusus Ibukota Jakarta 12820, Indonesia",4.4
"Tebet, Jakarta Selatan",TB. Jaya Lestari,"Jl. Persada I No.1, RT.6/RW.15, Menteng Dalam, Kec. Tebet, Kota Jakarta Selatan, Daerah Khusus Ibukota Jakarta 12870, Indonesia",4.8
"Cakung, Jakarta Timur",TB. Cahaya maju,"Jl. Raya Kayu Tinggi No.36, RT.1/RW.12, Cakung Tim., Kec. Cakung, Kota Jakarta Timur, Daerah Khusus Ibukota Jakarta 13960, Indonesia",4.5
"Cakung, Jakarta Timur",Tb.Cahaya Baru,"1, Jl. Balai Rakyat No.89, RT.1/RW.4, Cakung Tim., Kec. Cakung, Kota Jakarta Timur, Daerah Khusus Ibukota Jakarta 13910, Indonesia",4.6
"Cakung, Jakarta Timur",Harapan Makmur,"pulo gebang permai rt.01/04 no:10, RT.13/RW.4, Pulo Gebang, Kec. Cakung, Kota Jakarta Timur, Daerah Khusus Ibukota Jakarta 13950, Indonesia",4.4
"Cakung, Jakarta Timur",TB. Cahaya Maju II,"Jl. Balai Rakyat No.35, Cakung Tim., Kec. Cakung, Kota Jakarta Timur, Daerah Khusus Ibukota Jakarta 13960, Indonesia",4.8
"Cakung, Jakarta Timur",Toko Bangunan Anugerah,"Jl. Tipar Cakung No.77, RT.15/RW.7, Cakung Bar., Kec. Cakung, Kota Jakarta Timur, Daerah Khusus Ibukota Jakarta 13910, Indonesia",4.5
"Cakung, Jakarta Timur",TB. Cahaya Maju,"Ruko Wisteria Collins 1-28, RT.1/RW.8, Ujung Menteng, Kec. Cakung, Kota Jakarta Timur, Daerah Khusus Ibukota Jakarta 13960, Indonesia",4.9
"Cakung, Jakarta Timur",MATRIAL BANGUNAN PD. SEDERHANA JAYA,"Jl. Raya Penggilingan No.3, RT.5/RW.11, Penggilingan, Kec. Cakung, Kota Jakarta Timur, Daerah Khusus Ibukota Jakarta 13940, Indonesia",4.4
"Cakung, Jakarta Timur",Tb. Murah & Baik,"Jl. Raya Bekasi No.KM.25 No.14, RT.1/RW.1, Cakung Tim., Kec. Cakung, Kota Jakarta Timur, Daerah Khusus Ibukota Jakarta 13910, Indonesia",4.7
"Cipayung, Jakarta Timur",TB. Sinar Makmur,"No., Jl. Setu Cipayung No.18, RT.9/RW.7, Cilangkap, Cipayung, Jakarta Timur, Kota Jakarta Timur, Daerah Khusus Ibukota Jakarta 13840, Indonesia",4.6
"Cipayung, Jakarta Timur",TB Raja Bangunan,"Jl. Setu Cipayung No.15A 7, RT.7/RW.4, Cipayung, Kec. Cipayung, Kota Jakarta Timur, Daerah Khusus Ibukota Jakarta 13870, Indonesia",4.3
"Cipayung, Jakarta Timur",TB. CIPAYUNG MAKMUR,"Jl. Masjid Nurul Hidayah No.4, RT.6/RW.6, Cipayung, Kec. Cipayung, Kota Jakarta Timur, Daerah Khusus Ibukota Jakarta 13840, Indonesia",0.0
"Cipayung, Jakarta Timur",Toko Sumber Makmur,"Jl. Raya Cilangkap No.29 1, RT.1/RW.5, Cilangkap, Kec. Cipayung, Kota Jakarta Timur, Daerah Khusus Ibukota Jakarta 13870, Indonesia",4.7
"Cipayung, Jakarta Timur",Kurnia Jaya Toko,"Jalan Cipayung Raya No.9 10, RT.10/RW.1, Cipayung, Kec. Cipayung, Kota Jakarta Timur, Daerah Khusus Ibukota Jakarta 13840, Indonesia",4.5
"Cipayung, Jakarta Timur",SUKSES JAYA,"Jl. Mandor Munding No.22 4, RT.4/RW.1, Setu, Kec. Cipayung, Kota Jakarta Timur, Daerah Khusus Ibukota Jakarta 13880, Indonesia",4.6
"Cipayung, Jakarta Timur",TB Makmur Jaya ( +Paint/ Cat store ),"12, Jl. Gempol Raya No.26, RT.12/RW.2, Bambu Apus, Kec. Cipayung, Kota Jakarta Timur, Daerah Khusus Ibukota Jakarta 13820, Indonesia",4.5
"Cipayung, Jakarta Timur",TB.Sinar Abadi,"Jl. Gempol Raya No.1 10, RT.10/RW.2, Ceger, Kec. Cipayung, Kota Jakarta Timur, Daerah Khusus Ibukota Jakarta 13890, Indonesia",4.5
"Ciracas, Jakarta Timur",Toko Material Maju Makmur,"Jl. Raya Ciracas No.4, RT.11/RW.7, Ciracas, Kec. Ciracas, Kota Jakarta Timur, Daerah Khusus Ibukota Jakarta 13740, Indonesia",4.9
"Ciracas, Jakarta Timur",TB Surya Agung,"Jl. Raya Pkp No.3, RT.3/RW.9, Klp. Dua Wetan, Kec. Ciracas, Kota Jakarta Timur, Daerah Khusus Ibukota Jakarta 13730, Indonesia",4.9
"Ciracas, Jakarta Timur",Kemboja Material Store,"Jl. Raya Ciracas No.70 11, RT.11/RW.2, Ciracas, Kec. Ciracas, Kota Jakarta Timur, Daerah Khusus Ibukota Jakarta 13740, Indonesia",4.6
"Ciracas, Jakarta Timur",TB. Makmur Indah,"Jl. Raya Pkp Jl. Cibubur I No.8, RT.1/RW.12, Klp. Dua Wetan, Kec. Ciracas, Kota Jakarta Timur, Daerah Khusus Ibukota Jakarta 13730, Indonesia",4.7
"Ciracas, Jakarta Timur",TB. LAMUNSA JAYA,"Jl. Suci No.1B 2, RT.2/RW.7, Susukan, Kec. Ciracas, Kota Jakarta Timur, Daerah Khusus Ibukota Jakarta 13750, Indonesia",4.7
"Ciracas, Jakarta Timur",TB. NASIONAL,"Jl. Raya Ciracas No.8, RT.5/RW.6, Klp. Dua Wetan, Kec. Ciracas, Kota Jakarta Timur, Daerah Khusus Ibukota Jakarta 13730, Indonesia",4.9
"Ciracas, Jakarta Timur",TB TERUS JAYA,"Jl. Raya Klp. Dua Wetan No.61 1, RT.2/RW.8, Klp. Dua Wetan, Kec. Ciracas, Kota Jakarta Timur, Daerah Khusus Ibukota Jakarta 13730, Indonesia",4.7
"Ciracas, Jakarta Timur",Toko Bahan Bangunan Merdeka Jaya,"Jl. Tanah Merdeka X No.05, RT.8/RW.4, Rambutan, Kec. Ciracas, Kota Jakarta Timur, Daerah Khusus Ibukota Jakarta 13830, Indonesia",4.8
"Duren Sawit, Jakarta Timur",Material H SHIMBAN 2,"4, Jl. KH. Maisin No.4, RT.7/RW.16, Klender, Kec. Duren Sawit, Kota Jakarta Timur, Daerah Khusus Ibukota Jakarta 13470, Indonesia",4.5
"Duren Sawit, Jakarta Timur",TB. BERKAT MAKMUR,"Jl. Masjid Abidin No.24, RT.8/RW.6, Pd. Bambu, Kec. Duren Sawit, Kota Jakarta Timur, Daerah Khusus Ibukota Jakarta 13430, Indonesia",4.6
"Duren Sawit, Jakarta Timur",Aneka Jaya. TB,"Jl. Perumnas Raya No.30, RT.9/RW.2, Malaka Sari, Kec. Duren Sawit, Kota Jakarta Timur, Daerah Khusus Ibukota Jakarta 13460, Indonesia",4.9
"Duren Sawit, Jakarta Timur",Depo Bangunan Kalimalang,"Jl. Raya Kalimalang No.46, Duren Sawit, Kec. Duren Sawit, Kota Jakarta Timur, Daerah Khusus Ibukota Jakarta 13440, Indonesia",4.4
"Duren Sawit, Jakarta Timur",Toko Bangunan Sinar Jaya Delima,"JL Delima Raya, Blok VI, No. 1, Klender, Jl. Perumnas Raya No.7, RT.6/RW.3, Malaka Sari, Durensawit, East Jakarta City, Jakarta 13460, Indonesia",4.7
"Duren Sawit, Jakarta Timur",TB. Sinar Jaya,"Jl. Pahlawan Revolusi No.19 11, RT.11/RW.5, Klender, Kec. Duren Sawit, Kota Jakarta Timur, Daerah Khusus Ibukota Jakarta 13470, Indonesia",4.5
"Duren Sawit, Jakarta Timur",Maju Aneka Building Materials Store,"Blok i14 8, Jl. Pd. Kelapa Raya No.8, RT.7/RW.9, Pd. Klp., Kec. Duren Sawit, Kota Jakarta Timur, Daerah Khusus Ibukota Jakarta 13450, Indonesia",4.5
"Duren Sawit, Jakarta Timur",TB.Sinar matahari,"Jl. Duren Sawit No.7, RT.9/RW.11, Klender, Kec. Duren Sawit, Kota Jakarta Timur, Daerah Khusus Ibukota Jakarta 13470, Indonesia",4.8
"Jatinegara, Jakarta Timur",Toko Bangunan VIVA,"Jl. Pancawarga III No.1, RT.8/RW.5, Cipinang Besar Sel., Kecamatan Jatinegara, Kota Jakarta Timur, Daerah Khusus Ibukota Jakarta 13410, Indonesia",4.7
"Jatinegara, Jakarta Timur",Toko Malaka Jaya,"Jl. Jatinegara Timur No.57, RT.1/RW.6, Bali Mester, Kecamatan Jatinegara, Kota Jakarta Timur, Daerah Khusus Ibukota Jakarta 13310, Indonesia",4.6
"Jatinegara, Jakarta Timur",TB ACC Cawang,"Jl. Otista Raya No.435, Bidara Cina, Kecamatan Jatinegara, Kota Jakarta Timur, Daerah Khusus Ibukota Jakarta 13330, Indonesia",4.4
"Jatinegara, Jakarta Timur",Toko Bangunan Sumber Urip,"Nomor #80 Bidaracina Jalan Otista Raya, Jl. Otista Raya, RT.1/RW.5, Cipinang Cempedak, Kecamatan Jatinegara, Kota Jakarta Timur, Daerah Khusus Ibukota Jakarta 13340, Indonesia",4.2
"Jatinegara, Jakarta Timur",Tb. Makmur Jaya,"Jl. Kebon Nanas Selatan I No.35, Cipinang Cempedak, Kecamatan Jatinegara, Kota Jakarta Timur, Daerah Khusus Ibukota Jakarta 13340, Indonesia",4.6
"Jatinegara, Jakarta Timur",TB. Makmur,"Jl. Cipinang Jaya Raya No.361, RT.3/RW.7, Cipinang Besar Sel., Kecamatan Jatinegara, Kota Jakarta Timur, Daerah Khusus Ibukota Jakarta 13410, Indonesia",4.5
"Jatinegara, Jakarta Timur",TB Sinar Matahari,"Jl. Otto Iskandar Dinata No.3 No.16A, RT.2/RW.4, Cipinang Cempedak, Kecamatan Jatinegara, Kota Jakarta Timur, Daerah Khusus Ibukota Jakarta 13340, Indonesia",4.7
"Jatinegara, Jakarta Timur",Toko Bangunan Sinar Surya,"Jl. H. Ten Raya No.11 5, RT.5/RW.1, Rawamangun, Kec. Pulo Gadung, Kota Jakarta Timur, Daerah Khusus Ibukota Jakarta 13220, Indonesia",4.6
"Kramat Jati, Jakarta Timur",TB. Ampar Jaya,"Jl. Batu Ampar 3 No.5A, RT.12/RW.2, Batu Ampar, Kec. Kramat jati, Kota Jakarta Timur, Daerah Khusus Ibukota Jakarta 13520, Indonesia",4.8
"Kramat Jati, Jakarta Timur",Toko Bangunan Timbul Jaya,"Jl. Batu Ampar 3 No.12, RT.1/RW.4, Batu Ampar, Kec. Kramat jati, Kota Jakarta Timur, Daerah Khusus Ibukota Jakarta 13520, Indonesia",4.7
"Kramat Jati, Jakarta Timur",TB. Jaya Abadi,"3, Jl. Raya Tengah No.65, RT.3/RW.9, Kp. Tengah, Kec. Kramat jati, Kota Jakarta Timur, Daerah Khusus Ibukota Jakarta 13540, Indonesia",4.8
"Kramat Jati, Jakarta Timur",CK Jaya Bangunan,"Jl. Raya Bogor No.30, Batu Ampar, Kec. Kramat jati, Kota Jakarta Timur, Daerah Khusus Ibukota Jakarta 13520, Indonesia",5.0
"Kramat Jati, Jakarta Timur",TB. Makmur Abadi,"Jl. Raya Inpres No.5 7, RT.2/RW.3, Kp. Tengah, Kec. Kramat jati, Kota Jakarta Timur, Daerah Khusus Ibukota Jakarta 13540, Indonesia",4.7
"Kramat Jati, Jakarta Timur",TB. Cahaya Alam,"Jl. Dukuh V, RT.8/RW.3, Dukuh, Kec. Kramat jati, Kota Jakarta Timur, Daerah Khusus Ibukota Jakarta 13550, Indonesia",4.7
"Kramat Jati, Jakarta Timur",Toko Jaya Remaja,"Jl. Batu Ampar 1 No.RT.11 11, RT.11/RW.2, Batu Ampar, Kec. Kramat jati, Kota Jakarta Timur, Daerah Khusus Ibukota Jakarta 13520, Indonesia",4.6
"Kramat Jati, Jakarta Timur",Jaya Sejati,"Jl. Raya Bogor Km 20 No. 35 Kramat Jati Kramat Jati Jakarta Timur DKI, Jakarta, RT.11/RW.10, Kampung Tengah, Kramatjati, RT.11/RW.10, Kp. Tengah, Kec. Kramat jati, Kota Jakarta Timur, Daerah Khusus Ibukota Jakarta 13540, Indonesia",4.9
"Makasar, Jakarta Timur",Toko bangunan Al Yamin,"Jl. Kerja Bakti, Makasar, Kec. Makasar, Kota Jakarta Timur, Daerah Khusus Ibukota Jakarta 13570, Indonesia",4.3
"Makasar, Jakarta Timur",ALYAMIN Toko Bangunan,"PVVH+PHW, Jl. Jengki, RT.7/RW.12, Kb. Pala, Kec. Makasar, Kota Jakarta Timur, Daerah Khusus Ibukota Jakarta 13650, Indonesia",4.9
"Makasar, Jakarta Timur",TB. Tunas Keluarga,"Jl. Pusdiklat Depnaker No.22A 10, RT.10/RW.5, Makasar, Kec. Makasar, Kota Jakarta Timur, Daerah Khusus Ibukota Jakarta 13570, Indonesia",4.8
"Makasar, Jakarta Timur",Tb Sinar Bangunan,"Jl. Cililitan Besar No.2, RT.12/RW.2, Kb. Pala, Kec. Makasar, Kota Jakarta Timur, Daerah Khusus Ibukota Jakarta 13650, Indonesia",4.3
"Makasar, Jakarta Timur",Toko bangunan Jaya Baru,"Jl. Kerja Bakti No.7, RT.7/RW.4, Makasar, Kec. Makasar, Kota Jakarta Timur, Daerah Khusus Ibukota Jakarta 13570, Indonesia",4.4
"Makasar, Jakarta Timur",TB.HARAPAN JAYA 2,"Jl. Kerja Bakti No.47, RT.15/RW.2, Makasar, Kec. Makasar, Kota Jakarta Timur, Daerah Khusus Ibukota Jakarta 13570, Indonesia",4.5
"Makasar, Jakarta Timur",TB. Flamboyant,"Pusdiklat, Jl. Pusdiklat Depnaker No.06 1, RT.18/RW.6, Makasar, Kec. Makasar, Kota Jakarta Timur, Daerah Khusus Ibukota Jakarta 13560, Indonesia",4.9
"Makasar, Jakarta Timur",TB Toko Bangunan Material Mawar abadi 4 Halim,"Jl. Raya Jl. Raya Halim Perdanakusuma No.1, Kb. Pala, Kec. Makasar, Kota Jakarta Timur, Daerah Khusus Ibukota Jakarta 13610, Indonesia",4.6
"Matraman, Jakarta Timur",Toko Bahan Bangunan BASTA JAYA,"Jl. Kayu Manis Barat No.85 2, RT.2/RW.7, Kayu Manis, Kec. Matraman, Kota Jakarta Timur, Daerah Khusus Ibukota Jakarta 13130, Indonesia",4.4
"Matraman, Jakarta Timur",TB Arjuna Jaya,"Jl. Arjuna I No.8, Utan Kayu Sel., Matraman, Kota Jakarta Timur, Daerah, Khusus I, Utan Kayu Sel., Kec. Matraman, Kota Jakarta Timur, Daerah Khusus Ibukota Jakarta 13110, Indonesia",4.7
"Matraman, Jakarta Timur",TB Bangunan Jaya,"Jl. Pisangan Baru Tengah No.1, RT.8/RW.15, Pisangan Baru, Kec. Matraman, Kota Jakarta Timur, Daerah Khusus Ibukota Jakarta 13110, Indonesia",4.4
"Matraman, Jakarta Timur",TB. SEDERHANA,"Jl. Kayu Manis Barat No.96 1, RT.1/RW.7, Kayu Manis, Kec. Matraman, Kota Jakarta Timur, Daerah Khusus Ibukota Jakarta 13130, Indonesia",4.6
"Matraman, Jakarta Timur",TB Prima Jaya Baru,"Jl. Kayu Manis Timur No.3, RT.5/RW.14, Utan Kayu Sel., Kec. Matraman, Kota Jakarta Timur, Daerah Khusus Ibukota Jakarta 13130, Indonesia",4.7
"Matraman, Jakarta Timur",TB. HARAPAN,"Jl. Galur Sari Timur No.7, RT.1/RW.5, Utan Kayu Sel., Kec. Matraman, Kota Jakarta Timur, Daerah Khusus Ibukota Jakarta 13120, Indonesia",4.7
"Matraman, Jakarta Timur",RISMA JAYA,"Jalan Kemuning Raya No. 12 RT. 1 RW. 6, Utan Kayu Utara, Matraman, RT.1/RW.6, Utan Kayu Utara, RT.1/RW.6, Utan Kayu Utara, Kec. Matraman, Kota Jakarta Timur, Daerah Khusus Ibukota Jakarta 13120, Indonesia",4.3
"Matraman, Jakarta Timur",Toko Bangunan Sinar Surya,"Jl. H. Ten Raya No.11 5, RT.5/RW.1, Rawamangun, Kec. Pulo Gadung, Kota Jakarta Timur, Daerah Khusus Ibukota Jakarta 13220, Indonesia",4.6
"Pasar Rebo, Jakarta Timur",TB. Agung Bangunan,"Jl. Kalisari II No.77 4, RT.4/RW.11, Kalisari, Kec. Ps. Rebo, Kota Jakarta Timur, Daerah Khusus Ibukota Jakarta 13790, Indonesia",4.7
"Pasar Rebo, Jakarta Timur",TB Guna Bangunan,"Jl. Gongseng Raya No.9, RT.7/RW.7, Cijantung, Kec. Ps. Rebo, Kota Jakarta Timur, Daerah Khusus Ibukota Jakarta 13770, Indonesia",4.7
"Pasar Rebo, Jakarta Timur",TB. Sejahtera,"Jl. Kalisari Raya No.52, RT.3/RW.3, Kalisari, Kec. Ps. Rebo, Kota Jakarta Timur, Daerah Khusus Ibukota Jakarta 13790, Indonesia",4.8
"Pasar Rebo, Jakarta Timur",Toko Bangunan Hidup Makmur,"Jl. H.Remaih No.30 4, RT.4/RW.7, Baru, Kec. Ps. Rebo, Kota Jakarta Timur, Daerah Khusus Ibukota Jakarta 13780, Indonesia",4.5
"Pasar Rebo, Jakarta Timur",Toko Jaya Terus,"Jl. Gongseng Raya No.3 11, RT.3/RW.11, Cijantung, Kec. Ps. Rebo, Kota Jakarta Timur, Daerah Khusus Ibukota Jakarta 13770, Indonesia",4.0
"Pasar Rebo, Jakarta Timur",JAYA TERUS 2,"Jl. Gongseng Raya No.7, RT.6/RW.9, Baru, Kec. Ps. Rebo, Kota Jakarta Timur, Daerah Khusus Ibukota Jakarta 13780, Indonesia",4.3
"Pasar Rebo, Jakarta Timur",TB. CAHAYA MAKMUR,"Jl. Pertengahan No.61 13, RT.5/RW.7, Cijantung, Kec. Ps. Rebo, Kota Jakarta Timur, Daerah Khusus Ibukota Jakarta 13370, Indonesia",4.7
"Pasar Rebo, Jakarta Timur",TB Sumber Jaya,"Jl. Raya Tengah, RT.5/RW.8, Gedong, Kec. Ps. Rebo, Kota Jakarta Timur, Daerah Khusus Ibukota Jakarta 13760, Indonesia",4.4
"Pulo Gadung, Jakarta Timur",Toko Bangunan Sinar Surya,"Jl. H. Ten Raya No.11 5, RT.5/RW.1, Rawamangun, Kec. Pulo Gadung, Kota Jakarta Timur, Daerah Khusus Ibukota Jakarta 13220, Indonesia",4.6
"Pulo Gadung, Jakarta Timur",TB BERKAH,"Jl. Angkur No.2 17, RT.1/RW.3, Kayu Putih, Kec. Pulo Gadung, Kota Jakarta Timur, Daerah Khusus Ibukota Jakarta 13210, Indonesia",4.9
"Pulo Gadung, Jakarta Timur",Building Materials Store Fajar Mas,"Jl. Pinang No. 27 Jati, RT.4/RW.8, Rawamangun, Kec. Pulo Gadung, Kota Jakarta Timur, Daerah Khusus Ibukota Jakarta 13220, Indonesia",4.5
"Pulo Gadung, Jakarta Timur",Bangun Bersama,"Jl. Pulo Nangka Timur No.27, RT.8/RW.8, Pulo Gadung, Kec. Pulo Gadung, Kota Jakarta Timur, Daerah Khusus Ibukota Jakarta 13260, Indonesia",4.3
"Pulo Gadung, Jakarta Timur",TB Bangun Bersama,"Jl. Rawamangun Muka Timur No.37 3, RT.3/RW.12, Rawamangun, Kec. Pulo Gadung, Kota Jakarta Timur, Daerah Khusus Ibukota Jakarta 13220, Indonesia",4.6
"Pulo Gadung, Jakarta Timur",Toko Bangunan Alam Jaya,"Jl. Pemuda No.43, RT.9/RW.3, Rawamangun, Kec. Pulo Gadung, Kota Jakarta Timur, Daerah Khusus Ibukota Jakarta 13220, Indonesia",3.6
"Pulo Gadung, Jakarta Timur",Toko Subuh,"Jl. Cipinang Baru No.27, RT.9/RW.3, Cipinang, Kec. Pulo Gadung, Kota Jakarta Timur, Daerah Khusus Ibukota Jakarta 13240, Indonesia",4.5
"Pulo Gadung, Jakarta Timur",TB Sinar Cahaya,"Jl. Balap Sepeda No.30 10, RT.10/RW.1, Rawamangun, Kec. Pulo Gadung, Kota Jakarta Timur, Daerah Khusus Ibukota Jakarta 13220, Indonesia",4.4
"Kepulauan Seribu Selatan, Kepulauan Seribu",TOKO Tanjung Jaya Bangunan,"Jl. HOS Cokroaminoto No.4, RT.003/RW.004, Larangan Utara, Kec. Larangan, Kota Tangerang, Banten 15154, Indonesia",4.9
"Kepulauan Seribu Selatan, Kepulauan Seribu",Toko Bangunan Hari Hari Mandala,"Jl. Mandala Utara No.21, RT.17/RW.4, Tomang, Kec. Grogol petamburan, Kota Jakarta Barat, Daerah Khusus Ibukota Jakarta 11440, Indonesia",4.5
"Kepulauan Seribu Selatan, Kepulauan Seribu","Toko Bangunan Cahaya Bangun Mandiri - Tn Abang - (Besi, Kayu, Gypsum, Semen dan Bahan Bangunan)","Jl. K.H. Mas Mansyur No.53, Kb. Melati, Kecamatan Tanah Abang, Jakarta, Daerah Khusus Ibukota Jakarta 10230, Indonesia",4.7
"Kepulauan Seribu Selatan, Kepulauan Seribu",Toko Material PD MAKMUR PERCETAKAN NEGARA,"Jl. Percetakan Negara No.1A, RT.1/RW.5, Rawasari, Kec. Cemp. Putih, Kota Jakarta Pusat, Daerah Khusus Ibukota Jakarta 10570, Indonesia",4.5
"Kepulauan Seribu Selatan, Kepulauan Seribu",Toko Cat & Bangunan : MAKMUR BANGUNAN Percetakan Negara,"Jl. Percetakan Negara No.66D, Johar Baru, Kec. Johar Baru, Kota Jakarta Pusat, Daerah Khusus Ibukota Jakarta 10560, Indonesia",4.8
"Kepulauan Seribu Selatan, Kepulauan Seribu",TB. Berkah Jaya,"Jl. Tomang Asli No.3 7, RT.7/RW.2, Jatipulo, Kec. Palmerah, Kota Jakarta Barat, Daerah Khusus Ibukota Jakarta 11430, Indonesia",4.5
"Kepulauan Seribu Selatan, Kepulauan Seribu",Toko Sumber Prihatin,"RR74+R92, Jl. Kota Bambu Raya, RT.8/RW.4, Kota Bambu Sel., Kec. Palmerah, Kota Jakarta Barat, Daerah Khusus Ibukota Jakarta 11420, Indonesia",4.5
"Kepulauan Seribu Selatan, Kepulauan Seribu",Seng Yun Toko Material,"No Jl. Cikoko Barat 1 No.1 9, RT.9/RW.3, Cikoko, Kec. Pancoran, Kota Jakarta Selatan, Daerah Khusus Ibukota Jakarta 12770, Indonesia",4.1
"Kepulauan Seribu Utara, Kepulauan Seribu",Toko Matrial Darma,"RT.008/RW.002, Pulau Klp., Kepulauan Seribu Utara, Kab. Administrasi Kepulauan Seribu, Daerah Khusus Ibukota Jakarta 14540, Indonesia",0.0
"Kepulauan Seribu Utara, Kepulauan Seribu",Batako Pak Sape'i,"8HWC+Q52, Kelapa Island, North Kepulauan Seribu, Kepulauan Seribu Regency, Jakarta 14540, Indonesia",0.0
